/*
SQLyog Professional v12.09 (64 bit)
MySQL - 5.7.21-log : Database - ry
*********************************************************************
*/

/*!40101 SET NAMES utf8 */;

/*!40101 SET SQL_MODE=''*/;

/*!40014 SET @OLD_UNIQUE_CHECKS=@@UNIQUE_CHECKS, UNIQUE_CHECKS=0 */;
/*!40014 SET @OLD_FOREIGN_KEY_CHECKS=@@FOREIGN_KEY_CHECKS, FOREIGN_KEY_CHECKS=0 */;
/*!40101 SET @OLD_SQL_MODE=@@SQL_MODE, SQL_MODE='NO_AUTO_VALUE_ON_ZERO' */;
/*!40111 SET @OLD_SQL_NOTES=@@SQL_NOTES, SQL_NOTES=0 */;
CREATE DATABASE /*!32312 IF NOT EXISTS*/`ry` /*!40100 DEFAULT CHARACTER SET utf8 */;

USE `ry`;

/*Table structure for table `qrtz_blob_triggers` */

DROP TABLE IF EXISTS `qrtz_blob_triggers`;

CREATE TABLE `qrtz_blob_triggers` (
  `sched_name` varchar(120) NOT NULL,
  `trigger_name` varchar(200) NOT NULL,
  `trigger_group` varchar(200) NOT NULL,
  `blob_data` blob,
  PRIMARY KEY (`sched_name`,`trigger_name`,`trigger_group`),
  CONSTRAINT `qrtz_blob_triggers_ibfk_1` FOREIGN KEY (`sched_name`, `trigger_name`, `trigger_group`) REFERENCES `qrtz_triggers` (`sched_name`, `trigger_name`, `trigger_group`)
) ENGINE=InnoDB DEFAULT CHARSET=utf8;

/*Data for the table `qrtz_blob_triggers` */

/*Table structure for table `qrtz_calendars` */

DROP TABLE IF EXISTS `qrtz_calendars`;

CREATE TABLE `qrtz_calendars` (
  `sched_name` varchar(120) NOT NULL,
  `calendar_name` varchar(200) NOT NULL,
  `calendar` blob NOT NULL,
  PRIMARY KEY (`sched_name`,`calendar_name`)
) ENGINE=InnoDB DEFAULT CHARSET=utf8;

/*Data for the table `qrtz_calendars` */

/*Table structure for table `qrtz_cron_triggers` */

DROP TABLE IF EXISTS `qrtz_cron_triggers`;

CREATE TABLE `qrtz_cron_triggers` (
  `sched_name` varchar(120) NOT NULL,
  `trigger_name` varchar(200) NOT NULL,
  `trigger_group` varchar(200) NOT NULL,
  `cron_expression` varchar(200) NOT NULL,
  `time_zone_id` varchar(80) DEFAULT NULL,
  PRIMARY KEY (`sched_name`,`trigger_name`,`trigger_group`),
  CONSTRAINT `qrtz_cron_triggers_ibfk_1` FOREIGN KEY (`sched_name`, `trigger_name`, `trigger_group`) REFERENCES `qrtz_triggers` (`sched_name`, `trigger_name`, `trigger_group`)
) ENGINE=InnoDB DEFAULT CHARSET=utf8;

/*Data for the table `qrtz_cron_triggers` */

insert  into `qrtz_cron_triggers`(`sched_name`,`trigger_name`,`trigger_group`,`cron_expression`,`time_zone_id`) values ('RuoyiScheduler','TASK_1','DEFAULT','0/10 * * * * ?','Asia/Shanghai'),('RuoyiScheduler','TASK_2','DEFAULT','0/20 * * * * ?','Asia/Shanghai');

/*Table structure for table `qrtz_fired_triggers` */

DROP TABLE IF EXISTS `qrtz_fired_triggers`;

CREATE TABLE `qrtz_fired_triggers` (
  `sched_name` varchar(120) NOT NULL,
  `entry_id` varchar(95) NOT NULL,
  `trigger_name` varchar(200) NOT NULL,
  `trigger_group` varchar(200) NOT NULL,
  `instance_name` varchar(200) NOT NULL,
  `fired_time` bigint(13) NOT NULL,
  `sched_time` bigint(13) NOT NULL,
  `priority` int(11) NOT NULL,
  `state` varchar(16) NOT NULL,
  `job_name` varchar(200) DEFAULT NULL,
  `job_group` varchar(200) DEFAULT NULL,
  `is_nonconcurrent` varchar(1) DEFAULT NULL,
  `requests_recovery` varchar(1) DEFAULT NULL,
  PRIMARY KEY (`sched_name`,`entry_id`)
) ENGINE=InnoDB DEFAULT CHARSET=utf8;

/*Data for the table `qrtz_fired_triggers` */

/*Table structure for table `qrtz_job_details` */

DROP TABLE IF EXISTS `qrtz_job_details`;

CREATE TABLE `qrtz_job_details` (
  `sched_name` varchar(120) NOT NULL,
  `job_name` varchar(200) NOT NULL,
  `job_group` varchar(200) NOT NULL,
  `description` varchar(250) DEFAULT NULL,
  `job_class_name` varchar(250) NOT NULL,
  `is_durable` varchar(1) NOT NULL,
  `is_nonconcurrent` varchar(1) NOT NULL,
  `is_update_data` varchar(1) NOT NULL,
  `requests_recovery` varchar(1) NOT NULL,
  `job_data` blob,
  PRIMARY KEY (`sched_name`,`job_name`,`job_group`)
) ENGINE=InnoDB DEFAULT CHARSET=utf8;

/*Data for the table `qrtz_job_details` */

insert  into `qrtz_job_details`(`sched_name`,`job_name`,`job_group`,`description`,`job_class_name`,`is_durable`,`is_nonconcurrent`,`is_update_data`,`requests_recovery`,`job_data`) values ('RuoyiScheduler','TASK_1','DEFAULT',NULL,'com.ruoyi.project.monitor.job.util.ScheduleJob','0','0','0','0','¬í\0sr\0org.quartz.JobDataMapŸ°ƒè¿©°Ë\0\0xr\0&org.quartz.utils.StringKeyDirtyFlagMap‚èÃûÅ](\0Z\0allowsTransientDataxr\0org.quartz.utils.DirtyFlagMapæ.­(v\nÎ\0Z\0dirtyL\0mapt\0Ljava/util/Map;xpsr\0java.util.HashMapÚÁÃ`Ñ\0F\0\nloadFactorI\0	thresholdxp?@\0\0\0\0\0w\0\0\0\0\0\0t\0\rJOB_PARAM_KEYsr\0(com.ruoyi.project.monitor.job.domain.Job\0\0\0\0\0\0\0\0I\0statusL\0createByt\0Ljava/lang/String;L\0\ncreateTimeq\0~\0	L\0cronExpressionq\0~\0	L\0jobGroupq\0~\0	L\0jobIdt\0Ljava/lang/Long;L\0jobNameq\0~\0	L\0\nmethodNameq\0~\0	L\0paramsq\0~\0	L\0remarkq\0~\0	L\0updateByq\0~\0	L\0\nupdateTimeq\0~\0	xp\0\0\0t\0admint\02018-03-01 00:00:00.0t\00/10 * * * * ?t\0ç³»ç»Ÿé»˜è®¤ï¼ˆæ— å‚ï¼‰sr\0java.lang.Long;‹äÌ#ß\0J\0valuexr\0java.lang.Number†¬•”à‹\0\0xp\0\0\0\0\0\0\0t\0ryTaskt\0\nryNoParamst\0\0pppx\0'),('RuoyiScheduler','TASK_2','DEFAULT',NULL,'com.ruoyi.project.monitor.job.util.ScheduleJob','0','0','0','0','¬í\0sr\0org.quartz.JobDataMapŸ°ƒè¿©°Ë\0\0xr\0&org.quartz.utils.StringKeyDirtyFlagMap‚èÃûÅ](\0Z\0allowsTransientDataxr\0org.quartz.utils.DirtyFlagMapæ.­(v\nÎ\0Z\0dirtyL\0mapt\0Ljava/util/Map;xpsr\0java.util.HashMapÚÁÃ`Ñ\0F\0\nloadFactorI\0	thresholdxp?@\0\0\0\0\0w\0\0\0\0\0\0t\0\rJOB_PARAM_KEYsr\0(com.ruoyi.project.monitor.job.domain.Job\0\0\0\0\0\0\0\0I\0statusL\0createByt\0Ljava/lang/String;L\0\ncreateTimeq\0~\0	L\0cronExpressionq\0~\0	L\0jobGroupq\0~\0	L\0jobIdt\0Ljava/lang/Long;L\0jobNameq\0~\0	L\0\nmethodNameq\0~\0	L\0paramsq\0~\0	L\0remarkq\0~\0	L\0updateByq\0~\0	L\0\nupdateTimeq\0~\0	xp\0\0\0t\0admint\02018-03-01 00:00:00.0t\00/20 * * * * ?t\0ç³»ç»Ÿé»˜è®¤ï¼ˆæœ‰å‚ï¼‰sr\0java.lang.Long;‹äÌ#ß\0J\0valuexr\0java.lang.Number†¬•”à‹\0\0xp\0\0\0\0\0\0\0t\0ryTaskt\0ryParamst\0rypppx\0');

/*Table structure for table `qrtz_locks` */

DROP TABLE IF EXISTS `qrtz_locks`;

CREATE TABLE `qrtz_locks` (
  `sched_name` varchar(120) NOT NULL,
  `lock_name` varchar(40) NOT NULL,
  PRIMARY KEY (`sched_name`,`lock_name`)
) ENGINE=InnoDB DEFAULT CHARSET=utf8;

/*Data for the table `qrtz_locks` */

insert  into `qrtz_locks`(`sched_name`,`lock_name`) values ('RuoyiScheduler','STATE_ACCESS'),('RuoyiScheduler','TRIGGER_ACCESS');

/*Table structure for table `qrtz_paused_trigger_grps` */

DROP TABLE IF EXISTS `qrtz_paused_trigger_grps`;

CREATE TABLE `qrtz_paused_trigger_grps` (
  `sched_name` varchar(120) NOT NULL,
  `trigger_group` varchar(200) NOT NULL,
  PRIMARY KEY (`sched_name`,`trigger_group`)
) ENGINE=InnoDB DEFAULT CHARSET=utf8;

/*Data for the table `qrtz_paused_trigger_grps` */

/*Table structure for table `qrtz_scheduler_state` */

DROP TABLE IF EXISTS `qrtz_scheduler_state`;

CREATE TABLE `qrtz_scheduler_state` (
  `sched_name` varchar(120) NOT NULL,
  `instance_name` varchar(200) NOT NULL,
  `last_checkin_time` bigint(13) NOT NULL,
  `checkin_interval` bigint(13) NOT NULL,
  PRIMARY KEY (`sched_name`,`instance_name`)
) ENGINE=InnoDB DEFAULT CHARSET=utf8;

/*Data for the table `qrtz_scheduler_state` */

insert  into `qrtz_scheduler_state`(`sched_name`,`instance_name`,`last_checkin_time`,`checkin_interval`) values ('RuoyiScheduler','DESKTOP-ME8RBH31525342460374',1525343439698,15000);

/*Table structure for table `qrtz_simple_triggers` */

DROP TABLE IF EXISTS `qrtz_simple_triggers`;

CREATE TABLE `qrtz_simple_triggers` (
  `sched_name` varchar(120) NOT NULL,
  `trigger_name` varchar(200) NOT NULL,
  `trigger_group` varchar(200) NOT NULL,
  `repeat_count` bigint(7) NOT NULL,
  `repeat_interval` bigint(12) NOT NULL,
  `times_triggered` bigint(10) NOT NULL,
  PRIMARY KEY (`sched_name`,`trigger_name`,`trigger_group`),
  CONSTRAINT `qrtz_simple_triggers_ibfk_1` FOREIGN KEY (`sched_name`, `trigger_name`, `trigger_group`) REFERENCES `qrtz_triggers` (`sched_name`, `trigger_name`, `trigger_group`)
) ENGINE=InnoDB DEFAULT CHARSET=utf8;

/*Data for the table `qrtz_simple_triggers` */

/*Table structure for table `qrtz_simprop_triggers` */

DROP TABLE IF EXISTS `qrtz_simprop_triggers`;

CREATE TABLE `qrtz_simprop_triggers` (
  `sched_name` varchar(120) NOT NULL,
  `trigger_name` varchar(200) NOT NULL,
  `trigger_group` varchar(200) NOT NULL,
  `str_prop_1` varchar(512) DEFAULT NULL,
  `str_prop_2` varchar(512) DEFAULT NULL,
  `str_prop_3` varchar(512) DEFAULT NULL,
  `int_prop_1` int(11) DEFAULT NULL,
  `int_prop_2` int(11) DEFAULT NULL,
  `long_prop_1` bigint(20) DEFAULT NULL,
  `long_prop_2` bigint(20) DEFAULT NULL,
  `dec_prop_1` decimal(13,4) DEFAULT NULL,
  `dec_prop_2` decimal(13,4) DEFAULT NULL,
  `bool_prop_1` varchar(1) DEFAULT NULL,
  `bool_prop_2` varchar(1) DEFAULT NULL,
  PRIMARY KEY (`sched_name`,`trigger_name`,`trigger_group`),
  CONSTRAINT `qrtz_simprop_triggers_ibfk_1` FOREIGN KEY (`sched_name`, `trigger_name`, `trigger_group`) REFERENCES `qrtz_triggers` (`sched_name`, `trigger_name`, `trigger_group`)
) ENGINE=InnoDB DEFAULT CHARSET=utf8;

/*Data for the table `qrtz_simprop_triggers` */

/*Table structure for table `qrtz_triggers` */

DROP TABLE IF EXISTS `qrtz_triggers`;

CREATE TABLE `qrtz_triggers` (
  `sched_name` varchar(120) NOT NULL,
  `trigger_name` varchar(200) NOT NULL,
  `trigger_group` varchar(200) NOT NULL,
  `job_name` varchar(200) NOT NULL,
  `job_group` varchar(200) NOT NULL,
  `description` varchar(250) DEFAULT NULL,
  `next_fire_time` bigint(13) DEFAULT NULL,
  `prev_fire_time` bigint(13) DEFAULT NULL,
  `priority` int(11) DEFAULT NULL,
  `trigger_state` varchar(16) NOT NULL,
  `trigger_type` varchar(8) NOT NULL,
  `start_time` bigint(13) NOT NULL,
  `end_time` bigint(13) DEFAULT NULL,
  `calendar_name` varchar(200) DEFAULT NULL,
  `misfire_instr` smallint(2) DEFAULT NULL,
  `job_data` blob,
  PRIMARY KEY (`sched_name`,`trigger_name`,`trigger_group`),
  KEY `sched_name` (`sched_name`,`job_name`,`job_group`),
  CONSTRAINT `qrtz_triggers_ibfk_1` FOREIGN KEY (`sched_name`, `job_name`, `job_group`) REFERENCES `qrtz_job_details` (`sched_name`, `job_name`, `job_group`)
) ENGINE=InnoDB DEFAULT CHARSET=utf8;

/*Data for the table `qrtz_triggers` */

insert  into `qrtz_triggers`(`sched_name`,`trigger_name`,`trigger_group`,`job_name`,`job_group`,`description`,`next_fire_time`,`prev_fire_time`,`priority`,`trigger_state`,`trigger_type`,`start_time`,`end_time`,`calendar_name`,`misfire_instr`,`job_data`) values ('RuoyiScheduler','TASK_1','DEFAULT','TASK_1','DEFAULT',NULL,1524908760000,-1,5,'PAUSED','CRON',1524908758000,0,NULL,0,'¬í\0sr\0org.quartz.JobDataMapŸ°ƒè¿©°Ë\0\0xr\0&org.quartz.utils.StringKeyDirtyFlagMap‚èÃûÅ](\0Z\0allowsTransientDataxr\0org.quartz.utils.DirtyFlagMapæ.­(v\nÎ\0Z\0dirtyL\0mapt\0Ljava/util/Map;xpsr\0java.util.HashMapÚÁÃ`Ñ\0F\0\nloadFactorI\0	thresholdxp?@\0\0\0\0\0w\0\0\0\0\0\0t\0\rJOB_PARAM_KEYsr\0(com.ruoyi.project.monitor.job.domain.Job\0\0\0\0\0\0\0\0I\0statusL\0createByt\0Ljava/lang/String;L\0\ncreateTimeq\0~\0	L\0cronExpressionq\0~\0	L\0jobGroupq\0~\0	L\0jobIdt\0Ljava/lang/Long;L\0jobNameq\0~\0	L\0\nmethodNameq\0~\0	L\0paramsq\0~\0	L\0remarkq\0~\0	L\0updateByq\0~\0	L\0\nupdateTimeq\0~\0	xp\0\0\0t\0admint\02018-04-28 18:22:02.0t\00/10 * * * * ?t\0ç³»ç»Ÿé»˜è®¤ï¼ˆæ— å‚ï¼‰sr\0java.lang.Long;‹äÌ#ß\0J\0valuexr\0java.lang.Number†¬•”à‹\0\0xp\0\0\0\0\0\0\0t\0ryTaskt\0\nryNoParamst\0\0pppx\0'),('RuoyiScheduler','TASK_2','DEFAULT','TASK_2','DEFAULT',NULL,1524908760000,-1,5,'PAUSED','CRON',1524908758000,0,NULL,0,'¬í\0sr\0org.quartz.JobDataMapŸ°ƒè¿©°Ë\0\0xr\0&org.quartz.utils.StringKeyDirtyFlagMap‚èÃûÅ](\0Z\0allowsTransientDataxr\0org.quartz.utils.DirtyFlagMapæ.­(v\nÎ\0Z\0dirtyL\0mapt\0Ljava/util/Map;xpsr\0java.util.HashMapÚÁÃ`Ñ\0F\0\nloadFactorI\0	thresholdxp?@\0\0\0\0\0w\0\0\0\0\0\0t\0\rJOB_PARAM_KEYsr\0(com.ruoyi.project.monitor.job.domain.Job\0\0\0\0\0\0\0\0I\0statusL\0createByt\0Ljava/lang/String;L\0\ncreateTimeq\0~\0	L\0cronExpressionq\0~\0	L\0jobGroupq\0~\0	L\0jobIdt\0Ljava/lang/Long;L\0jobNameq\0~\0	L\0\nmethodNameq\0~\0	L\0paramsq\0~\0	L\0remarkq\0~\0	L\0updateByq\0~\0	L\0\nupdateTimeq\0~\0	xp\0\0\0t\0admint\02018-03-01 00:00:00.0t\00/20 * * * * ?t\0ç³»ç»Ÿé»˜è®¤ï¼ˆæœ‰å‚ï¼‰sr\0java.lang.Long;‹äÌ#ß\0J\0valuexr\0java.lang.Number†¬•”à‹\0\0xp\0\0\0\0\0\0\0t\0ryTaskt\0ryParamst\0rypppx\0');

/*Table structure for table `sys_dept` */

DROP TABLE IF EXISTS `sys_dept`;

CREATE TABLE `sys_dept` (
  `dept_id` int(11) NOT NULL AUTO_INCREMENT COMMENT 'éƒ¨é—¨id',
  `parent_id` int(11) DEFAULT '0' COMMENT 'çˆ¶éƒ¨é—¨id',
  `dept_name` varchar(30) DEFAULT '' COMMENT 'éƒ¨é—¨åç§°',
  `order_num` int(4) DEFAULT '0' COMMENT 'æ˜¾ç¤ºé¡ºåº',
  `leader` varchar(20) DEFAULT '' COMMENT 'è´Ÿè´£äºº',
  `phone` varchar(20) DEFAULT '' COMMENT 'è”ç³»ç”µè¯',
  `email` varchar(20) DEFAULT '' COMMENT 'é‚®ç®±',
  `status` int(1) DEFAULT '0' COMMENT 'éƒ¨é—¨çŠ¶æ€:0æ­£å¸¸,1åœç”¨',
  `create_by` varchar(64) DEFAULT '' COMMENT 'åˆ›å»ºè€…',
  `create_time` timestamp NOT NULL DEFAULT CURRENT_TIMESTAMP ON UPDATE CURRENT_TIMESTAMP COMMENT 'åˆ›å»ºæ—¶é—´',
  `update_by` varchar(64) DEFAULT '' COMMENT 'æ›´æ–°è€…',
  `update_time` timestamp NOT NULL DEFAULT '0000-00-00 00:00:00' COMMENT 'æ›´æ–°æ—¶é—´',
  PRIMARY KEY (`dept_id`)
) ENGINE=InnoDB AUTO_INCREMENT=111 DEFAULT CHARSET=utf8 COMMENT='éƒ¨é—¨è¡¨';

/*Data for the table `sys_dept` */

insert  into `sys_dept`(`dept_id`,`parent_id`,`dept_name`,`order_num`,`leader`,`phone`,`email`,`status`,`create_by`,`create_time`,`update_by`,`update_time`) values (100,0,'å”å±±å­¦é™¢',0,'é©¬äº‘','15011112221','ry@qq.com',0,'admin','2018-05-01 10:38:10','ry','2018-03-01 00:00:00'),(101,100,'æ™ºèƒ½ä¸ä¿¡æ¯å·¥ç¨‹å­¦é™¢',1,'é©¬ç ”','15011112222','ry@qq.com',0,'admin','2018-05-02 10:34:09','admin','2018-05-02 10:34:09'),(102,100,'è®¡ç®—æœºç³»',2,'é©¬å¸‚','15011112223','ry@qq.com',0,'admin','2018-05-02 10:36:09','admin','2018-05-02 10:36:09'),(103,100,'åœŸæœ¨ç³»',3,'é©¬æµ‹','15011112224','ry@qq.com',0,'admin','2018-05-02 10:36:52','admin','2018-05-02 10:36:52'),(104,100,'å¤–è¯­ç³»',4,'é©¬è´¢','15011112225','ry@qq.com',0,'admin','2018-05-02 13:28:52','admin','2018-05-02 13:28:52'),(105,100,'ç»ç®¡ç³»',5,'é©¬è¿','15011112226','ry@qq.com',0,'admin','2018-05-02 13:28:57','admin','2018-05-02 13:28:57'),(106,101,'ç”µå­ä¿¡æ¯å·¥ç¨‹',1,'é©¬ä¸€','15011112227','ry@qq.com',0,'admin','2018-05-02 10:34:24','admin','2018-05-02 10:34:24'),(107,101,'é€šä¿¡å·¥ç¨‹',2,'é©¬äºŒ','15011112228','ry@qq.com',0,'admin','2018-05-02 10:35:41','admin','2018-05-02 10:35:41'),(108,102,'è½¯ä»¶å·¥ç¨‹',1,'é©¬ä¸€','15011112229','ry@qq.com',0,'admin','2018-05-02 10:36:20','admin','2018-05-02 10:36:20'),(109,102,'è®¡ç®—æœºç§‘å­¦ä¸æŠ€æœ¯',2,'é©¬äºŒ','15011112210','ry@qq.com',0,'admin','2018-05-02 10:36:41','admin','2018-05-02 10:36:41'),(110,101,'è½¨é“äº¤é€šè‡ªåŠ¨åŒ–',3,'é©¬ä¸‰','15200000000','mj@163.com',0,'admin','2018-05-02 10:35:33','','0000-00-00 00:00:00');

/*Table structure for table `sys_dict_data` */

DROP TABLE IF EXISTS `sys_dict_data`;

CREATE TABLE `sys_dict_data` (
  `dict_code` int(11) NOT NULL AUTO_INCREMENT COMMENT 'å­—å…¸ç¼–ç ',
  `dict_sort` int(4) DEFAULT '0' COMMENT 'å­—å…¸æ’åº',
  `dict_label` varchar(100) DEFAULT '' COMMENT 'å­—å…¸æ ‡ç­¾',
  `dict_value` varchar(100) DEFAULT '' COMMENT 'å­—å…¸é”®å€¼',
  `dict_type` varchar(100) DEFAULT '' COMMENT 'å­—å…¸ç±»å‹',
  `status` int(1) DEFAULT '0' COMMENT 'çŠ¶æ€ï¼ˆ0æ­£å¸¸ 1ç¦ç”¨ï¼‰',
  `create_by` varchar(64) DEFAULT '' COMMENT 'åˆ›å»ºè€…',
  `create_time` timestamp NOT NULL DEFAULT CURRENT_TIMESTAMP ON UPDATE CURRENT_TIMESTAMP COMMENT 'åˆ›å»ºæ—¶é—´',
  `update_by` varchar(64) DEFAULT '' COMMENT 'æ›´æ–°è€…',
  `update_time` timestamp NOT NULL DEFAULT '0000-00-00 00:00:00' COMMENT 'æ›´æ–°æ—¶é—´',
  `remark` varchar(500) DEFAULT '' COMMENT 'å¤‡æ³¨',
  PRIMARY KEY (`dict_code`)
) ENGINE=InnoDB AUTO_INCREMENT=13 DEFAULT CHARSET=utf8 COMMENT='å­—å…¸æ•°æ®è¡¨';

/*Data for the table `sys_dict_data` */

insert  into `sys_dict_data`(`dict_code`,`dict_sort`,`dict_label`,`dict_value`,`dict_type`,`status`,`create_by`,`create_time`,`update_by`,`update_time`,`remark`) values (1,1,'å·¥å•†é“¶è¡Œ','01','sys_bank_code',0,'admin','2018-03-01 00:00:00','ry','2018-03-01 00:00:00',''),(2,2,'å»ºè®¾é“¶è¡Œ','02','sys_bank_code',0,'admin','2018-03-01 00:00:00','ry','2018-03-01 00:00:00',''),(3,3,'å†œä¸šé“¶è¡Œ','03','sys_bank_code',0,'admin','2018-03-01 00:00:00','ry','2018-03-01 00:00:00',''),(4,4,'å…‰å¤§é“¶è¡Œ','04','sys_bank_code',0,'admin','2018-03-01 00:00:00','ry','2018-03-01 00:00:00',''),(5,5,'å…´ä¸šé“¶è¡Œ','05','sys_bank_code',0,'admin','2018-03-01 00:00:00','ry','2018-03-01 00:00:00',''),(6,6,'ä¸­å›½é“¶è¡Œ','06','sys_bank_code',0,'admin','2018-03-01 00:00:00','ry','2018-03-01 00:00:00',''),(7,7,'å¹³å®‰é“¶è¡Œ','07','sys_bank_code',0,'admin','2018-03-01 00:00:00','ry','2018-03-01 00:00:00',''),(8,8,'æ‹›å•†é“¶è¡Œ','08','sys_bank_code',0,'admin','2018-03-01 00:00:00','ry','2018-03-01 00:00:00',''),(9,1,'å¾®ä¿¡æ”¯ä»˜','WX','sys_pay_code',0,'admin','2018-03-01 00:00:00','ry','2018-03-01 00:00:00',''),(10,2,'æ”¯ä»˜å®','ZFB','sys_pay_code',0,'admin','2018-03-01 00:00:00','ry','2018-03-01 00:00:00',''),(11,3,'QQæ”¯ä»˜','JD','sys_pay_code',0,'admin','2018-03-01 00:00:00','ry','2018-03-01 00:00:00',''),(12,4,'äº¬ä¸œæ”¯ä»˜','QQ','sys_pay_code',0,'admin','2018-03-01 00:00:00','ry','2018-03-01 00:00:00','');

/*Table structure for table `sys_dict_type` */

DROP TABLE IF EXISTS `sys_dict_type`;

CREATE TABLE `sys_dict_type` (
  `dict_id` int(11) NOT NULL AUTO_INCREMENT COMMENT 'å­—å…¸ä¸»é”®',
  `dict_name` varchar(100) DEFAULT '' COMMENT 'å­—å…¸åç§°',
  `dict_type` varchar(100) DEFAULT '' COMMENT 'å­—å…¸ç±»å‹',
  `status` int(1) DEFAULT '0' COMMENT 'çŠ¶æ€ï¼ˆ0æ­£å¸¸ 1ç¦ç”¨ï¼‰',
  `create_by` varchar(64) DEFAULT '' COMMENT 'åˆ›å»ºè€…',
  `create_time` timestamp NOT NULL DEFAULT CURRENT_TIMESTAMP ON UPDATE CURRENT_TIMESTAMP COMMENT 'åˆ›å»ºæ—¶é—´',
  `update_by` varchar(64) DEFAULT '' COMMENT 'æ›´æ–°è€…',
  `update_time` timestamp NOT NULL DEFAULT '0000-00-00 00:00:00' COMMENT 'æ›´æ–°æ—¶é—´',
  `remark` varchar(500) DEFAULT '' COMMENT 'å¤‡æ³¨',
  PRIMARY KEY (`dict_id`),
  UNIQUE KEY `dict_type` (`dict_type`)
) ENGINE=InnoDB AUTO_INCREMENT=3 DEFAULT CHARSET=utf8 COMMENT='å­—å…¸ç±»å‹è¡¨';

/*Data for the table `sys_dict_type` */

insert  into `sys_dict_type`(`dict_id`,`dict_name`,`dict_type`,`status`,`create_by`,`create_time`,`update_by`,`update_time`,`remark`) values (1,'é“¶è¡Œåˆ—è¡¨','sys_bank_code',0,'admin','2018-03-01 00:00:00','ry','2018-03-01 00:00:00','é“¶è¡Œæ•°æ®åˆ—è¡¨'),(2,'æ”¯ä»˜é€šé“','sys_pay_code',0,'admin','2018-03-01 00:00:00','ry','2018-03-01 00:00:00','æ”¯ä»˜é€šé“åˆ—è¡¨');

/*Table structure for table `sys_job` */

DROP TABLE IF EXISTS `sys_job`;

CREATE TABLE `sys_job` (
  `job_id` int(11) NOT NULL AUTO_INCREMENT COMMENT 'ä»»åŠ¡ID',
  `job_name` varchar(64) NOT NULL DEFAULT '' COMMENT 'ä»»åŠ¡åç§°',
  `job_group` varchar(64) NOT NULL DEFAULT '' COMMENT 'ä»»åŠ¡ç»„å',
  `method_name` varchar(500) DEFAULT '' COMMENT 'ä»»åŠ¡æ–¹æ³•',
  `params` varchar(200) DEFAULT '' COMMENT 'æ–¹æ³•å‚æ•°',
  `cron_expression` varchar(255) DEFAULT '' COMMENT 'cronæ‰§è¡Œè¡¨è¾¾å¼',
  `status` int(1) DEFAULT '0' COMMENT 'çŠ¶æ€ï¼ˆ0æ­£å¸¸ 1æš‚åœï¼‰',
  `create_by` varchar(64) DEFAULT '' COMMENT 'åˆ›å»ºè€…',
  `create_time` timestamp NOT NULL DEFAULT CURRENT_TIMESTAMP ON UPDATE CURRENT_TIMESTAMP COMMENT 'åˆ›å»ºæ—¶é—´',
  `update_by` varchar(64) DEFAULT '' COMMENT 'æ›´æ–°è€…',
  `update_time` timestamp NOT NULL DEFAULT '0000-00-00 00:00:00' COMMENT 'æ›´æ–°æ—¶é—´',
  `remark` varchar(500) DEFAULT '' COMMENT 'å¤‡æ³¨ä¿¡æ¯',
  PRIMARY KEY (`job_id`,`job_name`,`job_group`)
) ENGINE=InnoDB AUTO_INCREMENT=3 DEFAULT CHARSET=utf8 COMMENT='å®šæ—¶ä»»åŠ¡è°ƒåº¦è¡¨';

/*Data for the table `sys_job` */

insert  into `sys_job`(`job_id`,`job_name`,`job_group`,`method_name`,`params`,`cron_expression`,`status`,`create_by`,`create_time`,`update_by`,`update_time`,`remark`) values (1,'ryTask','ç³»ç»Ÿé»˜è®¤ï¼ˆæ— å‚ï¼‰','ryNoParams','','0/10 * * * * ?',1,'admin','2018-04-28 18:22:02','zhangsx','2018-04-28 18:22:02','ryTask'),(2,'ryTask','ç³»ç»Ÿé»˜è®¤ï¼ˆæœ‰å‚ï¼‰','ryParams','ry','0/20 * * * * ?',1,'admin','2018-03-01 00:00:00','ry','2018-03-01 00:00:00','');

/*Table structure for table `sys_job_log` */

DROP TABLE IF EXISTS `sys_job_log`;

CREATE TABLE `sys_job_log` (
  `job_log_id` int(11) NOT NULL AUTO_INCREMENT COMMENT 'ä»»åŠ¡æ—¥å¿—ID',
  `job_name` varchar(64) NOT NULL COMMENT 'ä»»åŠ¡åç§°',
  `job_group` varchar(64) NOT NULL COMMENT 'ä»»åŠ¡ç»„å',
  `method_name` varchar(500) DEFAULT NULL COMMENT 'ä»»åŠ¡æ–¹æ³•',
  `params` varchar(200) DEFAULT '' COMMENT 'æ–¹æ³•å‚æ•°',
  `job_message` varchar(500) DEFAULT NULL COMMENT 'æ—¥å¿—ä¿¡æ¯',
  `is_exception` int(1) DEFAULT '0' COMMENT 'æ˜¯å¦å¼‚å¸¸',
  `exception_info` text COMMENT 'å¼‚å¸¸ä¿¡æ¯',
  `create_time` timestamp NOT NULL DEFAULT CURRENT_TIMESTAMP ON UPDATE CURRENT_TIMESTAMP COMMENT 'åˆ›å»ºæ—¶é—´',
  PRIMARY KEY (`job_log_id`)
) ENGINE=InnoDB DEFAULT CHARSET=utf8 COMMENT='å®šæ—¶ä»»åŠ¡è°ƒåº¦æ—¥å¿—è¡¨';

/*Data for the table `sys_job_log` */

/*Table structure for table `sys_logininfor` */

DROP TABLE IF EXISTS `sys_logininfor`;

CREATE TABLE `sys_logininfor` (
  `info_id` int(11) NOT NULL AUTO_INCREMENT COMMENT 'è®¿é—®ID',
  `login_name` varchar(50) DEFAULT '' COMMENT 'ç™»å½•è´¦å·',
  `ipaddr` varchar(50) DEFAULT '' COMMENT 'ç™»å½•IPåœ°å€',
  `browser` varchar(50) DEFAULT '' COMMENT 'æµè§ˆå™¨ç±»å‹',
  `os` varchar(50) DEFAULT '' COMMENT 'æ“ä½œç³»ç»Ÿ',
  `status` int(1) DEFAULT '0' COMMENT 'ç™»å½•çŠ¶æ€ 0æˆåŠŸ 1å¤±è´¥',
  `msg` varchar(255) DEFAULT '' COMMENT 'æç¤ºæ¶ˆæ¯',
  `login_time` timestamp NOT NULL DEFAULT CURRENT_TIMESTAMP ON UPDATE CURRENT_TIMESTAMP COMMENT 'è®¿é—®æ—¶é—´',
  PRIMARY KEY (`info_id`)
) ENGINE=InnoDB AUTO_INCREMENT=169 DEFAULT CHARSET=utf8 COMMENT='ç³»ç»Ÿè®¿é—®è®°å½•';

/*Data for the table `sys_logininfor` */

insert  into `sys_logininfor`(`info_id`,`login_name`,`ipaddr`,`browser`,`os`,`status`,`msg`,`login_time`) values (1,'admin','127.0.0.1','Chrome 45','Windows 7',0,'ç™»å½•æˆåŠŸ','2018-03-01 00:00:00'),(100,'admin','0:0:0:0:0:0:0:1','Chrome','Windows 10',0,'ç™»å½•æˆåŠŸ','2018-04-28 17:48:30'),(101,'admin','0:0:0:0:0:0:0:1','Chrome','Windows 10',0,'é€€å‡ºæˆåŠŸ','2018-04-28 17:55:53'),(102,'zhangsx','0:0:0:0:0:0:0:1','Chrome','Windows 10',0,'ç™»å½•æˆåŠŸ','2018-04-28 17:56:03'),(103,'zhangsx','0:0:0:0:0:0:0:1','Chrome','Windows 10',0,'é€€å‡ºæˆåŠŸ','2018-04-28 18:23:33'),(104,'common','0:0:0:0:0:0:0:1','Chrome','Windows 10',0,'ç™»å½•æˆåŠŸ','2018-04-28 18:23:47'),(105,'common','0:0:0:0:0:0:0:1','Chrome','Windows 10',0,'é€€å‡ºæˆåŠŸ','2018-04-28 18:29:51'),(106,'admin','0:0:0:0:0:0:0:1','Chrome','Windows 10',0,'ç™»å½•æˆåŠŸ','2018-04-28 18:29:53'),(107,'admin','0:0:0:0:0:0:0:1','Chrome','Windows 10',0,'ç™»å½•æˆåŠŸ','2018-04-28 18:47:46'),(108,'admin','0:0:0:0:0:0:0:1','Chrome','Windows 10',0,'ç™»å½•æˆåŠŸ','2018-05-02 10:15:02'),(109,'admin','0:0:0:0:0:0:0:1','Chrome','Windows 10',0,'ç™»å½•æˆåŠŸ','2018-05-02 11:28:40'),(110,'admin','0:0:0:0:0:0:0:1','Chrome','Windows 10',0,'ç™»å½•æˆåŠŸ','2018-05-02 13:28:19'),(111,'admin','0:0:0:0:0:0:0:1','Chrome','Windows 10',0,'ç™»å½•æˆåŠŸ','2018-05-02 14:12:37'),(112,'admin','0:0:0:0:0:0:0:1','Chrome','Windows 10',0,'ç™»å½•æˆåŠŸ','2018-05-02 15:40:16'),(113,'admin','0:0:0:0:0:0:0:1','Chrome','Windows 10',0,'ç™»å½•æˆåŠŸ','2018-05-02 16:42:57'),(114,'admin','0:0:0:0:0:0:0:1','Chrome','Windows 10',0,'ç™»å½•æˆåŠŸ','2018-05-02 17:50:44'),(115,'admin','0:0:0:0:0:0:0:1','Chrome','Windows 10',0,'ç™»å½•æˆåŠŸ','2018-05-02 17:54:55'),(116,'admin','0:0:0:0:0:0:0:1','Microsoft Edge','Windows 10',0,'ç™»å½•æˆåŠŸ','2018-05-02 17:58:29'),(117,'admin','0:0:0:0:0:0:0:1','Microsoft Edge','Windows 10',0,'ç™»å½•æˆåŠŸ','2018-05-02 18:06:13'),(118,'admin','0:0:0:0:0:0:0:1','Microsoft Edge','Windows 10',0,'ç™»å½•æˆåŠŸ','2018-05-02 18:23:41'),(119,'4140220427','0:0:0:0:0:0:0:1','Microsoft Edge','Windows 10',0,'ç™»å½•æˆåŠŸ','2018-05-02 18:31:49'),(120,'4140220427','0:0:0:0:0:0:0:1','Microsoft Edge','Windows 10',0,'é€€å‡ºæˆåŠŸ','2018-05-02 18:31:53'),(121,'admin','0:0:0:0:0:0:0:1','Microsoft Edge','Windows 10',0,'ç™»å½•æˆåŠŸ','2018-05-02 18:32:03'),(122,'4140220427','0:0:0:0:0:0:0:1','Microsoft Edge','Windows 10',0,'ç™»å½•æˆåŠŸ','2018-05-03 10:49:01'),(123,'4140220427','0:0:0:0:0:0:0:1','Microsoft Edge','Windows 10',0,'é€€å‡ºæˆåŠŸ','2018-05-03 10:55:12'),(124,'admin','0:0:0:0:0:0:0:1','Microsoft Edge','Windows 10',0,'ç™»å½•æˆåŠŸ','2018-05-03 10:55:19'),(125,'admin','0:0:0:0:0:0:0:1','Microsoft Edge','Windows 10',0,'ç™»å½•æˆåŠŸ','2018-05-03 11:04:37'),(126,'admin','0:0:0:0:0:0:0:1','Microsoft Edge','Windows 10',0,'ç™»å½•æˆåŠŸ','2018-05-03 11:08:49'),(127,'admin','0:0:0:0:0:0:0:1','Microsoft Edge','Windows 10',0,'ç™»å½•æˆåŠŸ','2018-05-03 11:14:00'),(128,'admin','0:0:0:0:0:0:0:1','Microsoft Edge','Windows 10',0,'ç™»å½•æˆåŠŸ','2018-05-03 11:18:58'),(129,'admin','0:0:0:0:0:0:0:1','Microsoft Edge','Windows 10',0,'ç™»å½•æˆåŠŸ','2018-05-03 11:23:44'),(130,'4140220427','0:0:0:0:0:0:0:1','Microsoft Edge','Windows 10',0,'ç™»å½•æˆåŠŸ','2018-05-03 11:27:32'),(131,'4140220427','0:0:0:0:0:0:0:1','Microsoft Edge','Windows 10',0,'ç™»å½•æˆåŠŸ','2018-05-03 11:31:20'),(132,'admin','0:0:0:0:0:0:0:1','Microsoft Edge','Windows 10',0,'ç™»å½•æˆåŠŸ','2018-05-03 11:35:09'),(133,'admin','0:0:0:0:0:0:0:1','Microsoft Edge','Windows 10',0,'é€€å‡ºæˆåŠŸ','2018-05-03 11:35:26'),(134,'4140220427','0:0:0:0:0:0:0:1','Microsoft Edge','Windows 10',0,'ç™»å½•æˆåŠŸ','2018-05-03 11:35:29'),(135,'admin','0:0:0:0:0:0:0:1','Firefox','Windows 10',0,'ç™»å½•æˆåŠŸ','2018-05-03 15:46:46'),(136,'admin','0:0:0:0:0:0:0:1','Chrome','Windows 10',0,'ç™»å½•æˆåŠŸ','2018-05-03 15:47:30'),(137,'admin','0:0:0:0:0:0:0:1','Chrome','Windows 10',0,'ç™»å½•æˆåŠŸ','2018-05-03 15:50:46'),(138,'admin','0:0:0:0:0:0:0:1','Chrome','Windows 10',0,'ç™»å½•æˆåŠŸ','2018-05-03 15:52:37'),(139,'admin','0:0:0:0:0:0:0:1','Chrome','Windows 10',0,'ç™»å½•æˆåŠŸ','2018-05-03 16:12:20'),(140,'admin','0:0:0:0:0:0:0:1','Chrome','Windows 10',0,'ç™»å½•æˆåŠŸ','2018-05-03 16:15:19'),(141,'admin','0:0:0:0:0:0:0:1','Chrome','Windows 10',0,'ç™»å½•æˆåŠŸ','2018-05-03 16:32:01'),(142,'admin','0:0:0:0:0:0:0:1','Chrome','Windows 10',0,'ç™»å½•æˆåŠŸ','2018-05-03 16:34:33'),(143,'admin','0:0:0:0:0:0:0:1','Chrome','Windows 10',0,'ç™»å½•æˆåŠŸ','2018-05-03 16:39:04'),(144,'admin','0:0:0:0:0:0:0:1','Chrome','Windows 10',0,'ç™»å½•æˆåŠŸ','2018-05-03 16:42:50'),(145,'admin','0:0:0:0:0:0:0:1','Chrome','Windows 10',0,'ç™»å½•æˆåŠŸ','2018-05-03 17:11:54'),(146,'4140220427','0:0:0:0:0:0:0:1','Microsoft Edge','Windows 10',0,'ç™»å½•æˆåŠŸ','2018-05-03 17:13:25'),(147,'admin','0:0:0:0:0:0:0:1','Chrome','Windows 10',0,'ç™»å½•æˆåŠŸ','2018-05-03 17:14:26'),(148,'admin','0:0:0:0:0:0:0:1','Chrome','Windows 10',0,'ç™»å½•æˆåŠŸ','2018-05-03 17:18:50'),(149,'4140220427','0:0:0:0:0:0:0:1','Microsoft Edge','Windows 10',0,'ç™»å½•æˆåŠŸ','2018-05-03 17:21:04'),(150,'4140220427','0:0:0:0:0:0:0:1','Microsoft Edge','Windows 10',0,'é€€å‡ºæˆåŠŸ','2018-05-03 17:21:12'),(151,'admin','0:0:0:0:0:0:0:1','Microsoft Edge','Windows 10',0,'ç™»å½•æˆåŠŸ','2018-05-03 17:21:21'),(152,'admin','0:0:0:0:0:0:0:1','Chrome','Windows 10',0,'ç™»å½•æˆåŠŸ','2018-05-03 17:21:46'),(153,'admin','0:0:0:0:0:0:0:1','Chrome','Windows 10',0,'ç™»å½•æˆåŠŸ','2018-05-03 17:26:59'),(154,'admin','0:0:0:0:0:0:0:1','Chrome','Windows 10',0,'ç™»å½•æˆåŠŸ','2018-05-03 17:28:41'),(155,'4140220427','0:0:0:0:0:0:0:1','Microsoft Edge','Windows 10',1,'å¯†ç è¾“å…¥é”™è¯¯1æ¬¡ï¼Œ123456','2018-05-03 17:38:22'),(156,'4140220427','0:0:0:0:0:0:0:1','Microsoft Edge','Windows 10',1,'å¯†ç è¾“å…¥é”™è¯¯2æ¬¡ï¼Œ123456','2018-05-03 17:38:24'),(157,'4140220427','0:0:0:0:0:0:0:1','Microsoft Edge','Windows 10',0,'ç™»å½•æˆåŠŸ','2018-05-03 17:38:29'),(158,'4140220427','0:0:0:0:0:0:0:1','Microsoft Edge','Windows 10',0,'ç™»å½•æˆåŠŸ','2018-05-03 18:00:15'),(159,'4140220427','0:0:0:0:0:0:0:1','Microsoft Edge','Windows 10',0,'ç™»å½•æˆåŠŸ','2018-05-03 18:02:23'),(160,'4140220427','0:0:0:0:0:0:0:1','Microsoft Edge','Windows 10',0,'ç™»å½•æˆåŠŸ','2018-05-03 18:08:20'),(161,'4140220427','0:0:0:0:0:0:0:1','Microsoft Edge','Windows 10',0,'ç™»å½•æˆåŠŸ','2018-05-03 18:13:20'),(162,'4140220427','0:0:0:0:0:0:0:1','Microsoft Edge','Windows 10',0,'ç™»å½•æˆåŠŸ','2018-05-03 18:14:57'),(163,'4140220427','0:0:0:0:0:0:0:1','Microsoft Edge','Windows 10',0,'é€€å‡ºæˆåŠŸ','2018-05-03 18:21:28'),(164,'4140220427','0:0:0:0:0:0:0:1','Microsoft Edge','Windows 10',0,'ç™»å½•æˆåŠŸ','2018-05-03 18:21:30'),(165,'4140220427','0:0:0:0:0:0:0:1','Microsoft Edge','Windows 10',0,'é€€å‡ºæˆåŠŸ','2018-05-03 18:23:46'),(166,'4140220427','0:0:0:0:0:0:0:1','Microsoft Edge','Windows 10',0,'ç™»å½•æˆåŠŸ','2018-05-03 18:23:48'),(167,'4140220427','0:0:0:0:0:0:0:1','Microsoft Edge','Windows 10',0,'é€€å‡ºæˆåŠŸ','2018-05-03 18:27:11'),(168,'admin','0:0:0:0:0:0:0:1','Microsoft Edge','Windows 10',0,'ç™»å½•æˆåŠŸ','2018-05-03 18:27:21');

/*Table structure for table `sys_menu` */

DROP TABLE IF EXISTS `sys_menu`;

CREATE TABLE `sys_menu` (
  `menu_id` int(11) NOT NULL AUTO_INCREMENT COMMENT 'èœå•ID',
  `menu_name` varchar(50) NOT NULL COMMENT 'èœå•åç§°',
  `parent_id` int(11) DEFAULT '0' COMMENT 'çˆ¶èœå•ID',
  `order_num` int(4) DEFAULT NULL COMMENT 'æ˜¾ç¤ºé¡ºåº',
  `url` varchar(200) DEFAULT '' COMMENT 'è¯·æ±‚åœ°å€',
  `menu_type` char(1) DEFAULT '' COMMENT 'ç±»å‹:Mç›®å½•,Cèœå•,FæŒ‰é’®',
  `visible` int(1) DEFAULT '0' COMMENT 'èœå•çŠ¶æ€:0æ˜¾ç¤º,1éšè—',
  `perms` varchar(100) DEFAULT '' COMMENT 'æƒé™æ ‡è¯†',
  `icon` varchar(100) DEFAULT '' COMMENT 'èœå•å›¾æ ‡',
  `create_by` varchar(64) DEFAULT '' COMMENT 'åˆ›å»ºè€…',
  `create_time` timestamp NOT NULL DEFAULT CURRENT_TIMESTAMP ON UPDATE CURRENT_TIMESTAMP COMMENT 'åˆ›å»ºæ—¶é—´',
  `update_by` varchar(64) DEFAULT '' COMMENT 'æ›´æ–°è€…',
  `update_time` timestamp NOT NULL DEFAULT '0000-00-00 00:00:00' COMMENT 'æ›´æ–°æ—¶é—´',
  `remark` varchar(500) DEFAULT '' COMMENT 'å¤‡æ³¨',
  PRIMARY KEY (`menu_id`)
) ENGINE=InnoDB AUTO_INCREMENT=70 DEFAULT CHARSET=utf8 COMMENT='èœå•æƒé™è¡¨';

/*Data for the table `sys_menu` */

insert  into `sys_menu`(`menu_id`,`menu_name`,`parent_id`,`order_num`,`url`,`menu_type`,`visible`,`perms`,`icon`,`create_by`,`create_time`,`update_by`,`update_time`,`remark`) values (1,'ç³»ç»Ÿç®¡ç†',0,1,'#','M',0,'','fa fa-gear','admin','2018-03-01 00:00:00','ry','2018-03-01 00:00:00','ç³»ç»Ÿç®¡ç†ç›®å½•'),(2,'ç³»ç»Ÿç›‘æ§',0,2,'#','M',0,'','fa fa-video-camera','admin','2018-03-01 00:00:00','ry','2018-03-01 00:00:00','ç³»ç»Ÿç›‘æ§ç›®å½•'),(3,'ç³»ç»Ÿå·¥å…·',0,3,'#','M',0,'','fa fa-bars','admin','2018-03-01 00:00:00','ry','2018-03-01 00:00:00','ç³»ç»Ÿå·¥å…·ç›®å½•'),(4,'ç”¨æˆ·ç®¡ç†',1,1,'/system/user','C',0,'system:user:view','#','admin','2018-03-01 00:00:00','ry','2018-03-01 00:00:00','ç”¨æˆ·ç®¡ç†èœå•'),(5,'è§’è‰²ç®¡ç†',1,2,'/system/role','C',0,'system:role:view','#','admin','2018-03-01 00:00:00','ry','2018-03-01 00:00:00','è§’è‰²ç®¡ç†èœå•'),(6,'èœå•ç®¡ç†',1,3,'/system/menu','C',0,'system:menu:view','#','admin','2018-03-01 00:00:00','ry','2018-03-01 00:00:00','èœå•ç®¡ç†èœå•'),(7,'é™¢ç³»ç®¡ç†',1,4,'/system/dept','C',0,'system:dept:view','#','admin','2018-05-03 18:22:32','ry','2018-03-01 00:00:00','éƒ¨é—¨ç®¡ç†èœå•'),(8,'å»å‘ç®¡ç†',1,5,'/system/post','C',0,'system:post:view','#','admin','2018-05-03 18:24:31','ry','2018-03-01 00:00:00','å²—ä½ç®¡ç†èœå•'),(9,'å­—å…¸ç®¡ç†',1,6,'/system/dict','C',0,'system:dict:view','#','admin','2018-03-01 00:00:00','ry','2018-03-01 00:00:00','å­—å…¸ç®¡ç†èœå•'),(10,'å‚æ•°è®¾ç½®',1,7,'/system/config','C',0,'system:config:view','#','admin','2018-03-01 00:00:00','ry','2018-03-01 00:00:00','å‚æ•°è®¾ç½®èœå•'),(11,'æ“ä½œæ—¥å¿—',2,1,'/monitor/operlog','C',0,'monitor:operlog:view','#','admin','2018-03-01 00:00:00','ry','2018-03-01 00:00:00','æ“ä½œæ—¥å¿—èœå•'),(12,'ç™»å½•æ—¥å¿—',2,2,'/monitor/logininfor','C',0,'monitor:logininfor:view','#','admin','2018-03-01 00:00:00','ry','2018-03-01 00:00:00','ç™»å½•æ—¥å¿—èœå•'),(13,'åœ¨çº¿ç”¨æˆ·',2,3,'/monitor/online','C',0,'monitor:online:view','#','admin','2018-03-01 00:00:00','ry','2018-03-01 00:00:00','åœ¨çº¿ç”¨æˆ·èœå•'),(14,'å®šæ—¶ä»»åŠ¡',2,4,'/monitor/job','C',0,'monitor:job:view','#','admin','2018-03-01 00:00:00','ry','2018-03-01 00:00:00','å®šæ—¶ä»»åŠ¡èœå•'),(15,'æ•°æ®ç›‘æ§',2,5,'/monitor/data','C',0,'monitor:data:view','#','admin','2018-03-01 00:00:00','ry','2018-03-01 00:00:00','æ•°æ®ç›‘æ§èœå•'),(16,'è¡¨å•æ„å»º',3,1,'/tool/build','C',0,'tool:build:view','#','admin','2018-03-01 00:00:00','ry','2018-03-01 00:00:00','è¡¨å•æ„å»ºèœå•'),(17,'ä»£ç ç”Ÿæˆ',3,2,'/tool/gen','C',0,'tool:gen:view','#','admin','2018-03-01 00:00:00','ry','2018-03-01 00:00:00','ä»£ç ç”Ÿæˆèœå•'),(18,'ç”¨æˆ·æŸ¥è¯¢',4,1,'#','F',0,'system:user:list','#','admin','2018-03-01 00:00:00','ry','2018-03-01 00:00:00',''),(19,'ç”¨æˆ·æ–°å¢',4,2,'#','F',0,'system:user:add','#','admin','2018-03-01 00:00:00','ry','2018-03-01 00:00:00',''),(20,'ç”¨æˆ·ä¿®æ”¹',4,3,'#','F',0,'system:user:edit','#','admin','2018-03-01 00:00:00','ry','2018-03-01 00:00:00',''),(21,'ç”¨æˆ·åˆ é™¤',4,4,'#','F',0,'system:user:remove','#','admin','2018-03-01 00:00:00','ry','2018-03-01 00:00:00',''),(22,'ç”¨æˆ·ä¿å­˜',4,5,'#','F',0,'system:user:save','#','admin','2018-03-01 00:00:00','ry','2018-03-01 00:00:00',''),(23,'æ‰¹é‡åˆ é™¤',4,6,'#','F',0,'system:user:batchRemove','#','admin','2018-03-01 00:00:00','ry','2018-03-01 00:00:00',''),(24,'é‡ç½®å¯†ç ',4,7,'#','F',0,'system:user:resetPwd','#','admin','2018-03-01 00:00:00','ry','2018-03-01 00:00:00',''),(25,'è§’è‰²æŸ¥è¯¢',5,1,'#','F',0,'system:role:list','#','admin','2018-03-01 00:00:00','ry','2018-03-01 00:00:00',''),(26,'è§’è‰²æ–°å¢',5,2,'#','F',0,'system:role:add','#','admin','2018-03-01 00:00:00','ry','2018-03-01 00:00:00',''),(27,'è§’è‰²ä¿®æ”¹',5,3,'#','F',0,'system:role:edit','#','admin','2018-03-01 00:00:00','ry','2018-03-01 00:00:00',''),(28,'è§’è‰²åˆ é™¤',5,4,'#','F',0,'system:role:remove','#','admin','2018-03-01 00:00:00','ry','2018-03-01 00:00:00',''),(29,'è§’è‰²ä¿å­˜',5,5,'#','F',0,'system:role:save','#','admin','2018-03-01 00:00:00','ry','2018-03-01 00:00:00',''),(30,'æ‰¹é‡åˆ é™¤',5,6,'#','F',0,'system:role:batchRemove','#','admin','2018-03-01 00:00:00','ry','2018-03-01 00:00:00',''),(31,'èœå•æŸ¥è¯¢',6,1,'#','F',0,'system:menu:list','#','admin','2018-03-01 00:00:00','ry','2018-03-01 00:00:00',''),(32,'èœå•æ–°å¢',6,2,'#','F',0,'system:menu:add','#','admin','2018-03-01 00:00:00','ry','2018-03-01 00:00:00',''),(33,'èœå•ä¿®æ”¹',6,3,'#','F',0,'system:menu:edit','#','admin','2018-03-01 00:00:00','ry','2018-03-01 00:00:00',''),(34,'èœå•åˆ é™¤',6,4,'#','F',0,'system:menu:remove','#','admin','2018-03-01 00:00:00','ry','2018-03-01 00:00:00',''),(35,'èœå•ä¿å­˜',6,5,'#','F',0,'system:menu:save','#','admin','2018-03-01 00:00:00','ry','2018-03-01 00:00:00',''),(36,'é™¢ç³»æŸ¥è¯¢',7,1,'#','F',0,'system:dept:list','#','admin','2018-05-03 18:25:45','ry','2018-03-01 00:00:00',''),(37,'é™¢ç³»æ–°å¢',7,2,'#','F',0,'system:dept:add','#','admin','2018-05-03 18:25:50','ry','2018-03-01 00:00:00',''),(38,'é™¢ç³»ä¿®æ”¹',7,3,'#','F',0,'system:dept:edit','#','admin','2018-05-03 18:25:55','ry','2018-03-01 00:00:00',''),(39,'é™¢ç³»åˆ é™¤',7,4,'#','F',0,'system:dept:remove','#','admin','2018-05-03 18:26:00','ry','2018-03-01 00:00:00',''),(40,'é™¢ç³»ä¿å­˜',7,5,'#','F',0,'system:dept:save','#','admin','2018-05-03 18:26:06','ry','2018-03-01 00:00:00',''),(41,'å»å‘æŸ¥è¯¢',8,1,'#','F',0,'system:post:list','#','admin','2018-05-03 18:26:13','ry','2018-03-01 00:00:00',''),(42,'å»å‘æ–°å¢',8,2,'#','F',0,'system:post:add','#','admin','2018-05-03 18:26:17','ry','2018-03-01 00:00:00',''),(43,'å»å‘ä¿®æ”¹',8,3,'#','F',0,'system:post:edit','#','admin','2018-05-03 18:26:22','ry','2018-03-01 00:00:00',''),(44,'å»å‘åˆ é™¤',8,4,'#','F',0,'system:post:remove','#','admin','2018-05-03 18:26:27','ry','2018-03-01 00:00:00',''),(45,'å»å‘ä¿å­˜',8,5,'#','F',0,'system:post:save','#','admin','2018-05-03 18:26:36','ry','2018-03-01 00:00:00',''),(46,'æ‰¹é‡åˆ é™¤',8,6,'#','F',0,'system:post:batchRemove','#','admin','2018-03-01 00:00:00','ry','2018-03-01 00:00:00',''),(47,'å­—å…¸æŸ¥è¯¢',9,1,'#','F',0,'system:dict:list','#','admin','2018-03-01 00:00:00','ry','2018-03-01 00:00:00',''),(48,'å­—å…¸æ–°å¢',9,2,'#','F',0,'system:dict:add','#','admin','2018-03-01 00:00:00','ry','2018-03-01 00:00:00',''),(49,'å­—å…¸ä¿®æ”¹',9,3,'#','F',0,'system:dict:edit','#','admin','2018-03-01 00:00:00','ry','2018-03-01 00:00:00',''),(50,'å­—å…¸åˆ é™¤',9,4,'#','F',0,'system:dict:remove','#','admin','2018-03-01 00:00:00','ry','2018-03-01 00:00:00',''),(51,'å­—å…¸ä¿å­˜',9,5,'#','F',0,'system:dict:save','#','admin','2018-03-01 00:00:00','ry','2018-03-01 00:00:00',''),(52,'æ‰¹é‡åˆ é™¤',9,6,'#','F',0,'system:dict:batchRemove','#','admin','2018-03-01 00:00:00','ry','2018-03-01 00:00:00',''),(53,'æ“ä½œæŸ¥è¯¢',11,1,'#','F',0,'monitor:operlog:list','#','admin','2018-03-01 00:00:00','ry','2018-03-01 00:00:00',''),(54,'æ‰¹é‡åˆ é™¤',11,2,'#','F',0,'monitor:operlog:batchRemove','#','admin','2018-03-01 00:00:00','ry','2018-03-01 00:00:00',''),(55,'è¯¦ç»†ä¿¡æ¯',11,3,'#','F',0,'monitor:operlog:detail','#','admin','2018-03-01 00:00:00','ry','2018-03-01 00:00:00',''),(56,'ç™»å½•æŸ¥è¯¢',12,1,'#','F',0,'monitor:logininfor:list','#','admin','2018-03-01 00:00:00','ry','2018-03-01 00:00:00',''),(57,'æ‰¹é‡åˆ é™¤',12,2,'#','F',0,'monitor:logininfor:batchRemove','#','admin','2018-03-01 00:00:00','ry','2018-03-01 00:00:00',''),(58,'åœ¨çº¿æŸ¥è¯¢',13,1,'#','F',0,'monitor:online:list','#','admin','2018-03-01 00:00:00','ry','2018-03-01 00:00:00',''),(59,'æ‰¹é‡å¼ºé€€',13,2,'#','F',0,'monitor:online:batchForceLogout','#','admin','2018-03-01 00:00:00','ry','2018-03-01 00:00:00',''),(60,'å•æ¡å¼ºé€€',13,3,'#','F',0,'monitor:online:forceLogout','#','admin','2018-03-01 00:00:00','ry','2018-03-01 00:00:00',''),(61,'ä»»åŠ¡æŸ¥è¯¢',14,1,'#','F',0,'monitor:job:list','#','admin','2018-03-01 00:00:00','ry','2018-03-01 00:00:00',''),(62,'ä»»åŠ¡æ–°å¢',14,2,'#','F',0,'monitor:job:add','#','admin','2018-03-01 00:00:00','ry','2018-03-01 00:00:00',''),(63,'ä»»åŠ¡ä¿®æ”¹',14,3,'#','F',0,'monitor:job:edit','#','admin','2018-03-01 00:00:00','ry','2018-03-01 00:00:00',''),(64,'ä»»åŠ¡åˆ é™¤',14,4,'#','F',0,'monitor:job:remove','#','admin','2018-03-01 00:00:00','ry','2018-03-01 00:00:00',''),(65,'ä»»åŠ¡ä¿å­˜',14,5,'#','F',0,'monitor:job:save','#','admin','2018-03-01 00:00:00','ry','2018-03-01 00:00:00',''),(66,'çŠ¶æ€ä¿®æ”¹',14,6,'#','F',0,'monitor:job:changeStatus','#','admin','2018-03-01 00:00:00','ry','2018-03-01 00:00:00',''),(67,'æ‰¹é‡åˆ é™¤',14,7,'#','F',0,'monitor:job:batchRemove','#','admin','2018-03-01 00:00:00','ry','2018-03-01 00:00:00',''),(68,'ç”ŸæˆæŸ¥è¯¢',16,1,'#','F',0,'tool:gen:list','#','admin','2018-03-01 00:00:00','ry','2018-03-01 00:00:00',''),(69,'ç”Ÿæˆä»£ç ',16,2,'#','F',0,'tool:gen:code','#','admin','2018-03-01 00:00:00','ry','2018-03-01 00:00:00','');

/*Table structure for table `sys_oper_log` */

DROP TABLE IF EXISTS `sys_oper_log`;

CREATE TABLE `sys_oper_log` (
  `oper_id` int(11) NOT NULL AUTO_INCREMENT COMMENT 'æ—¥å¿—ä¸»é”®',
  `title` varchar(50) DEFAULT '' COMMENT 'æ¨¡å—æ ‡é¢˜',
  `action` varchar(100) DEFAULT '' COMMENT 'åŠŸèƒ½è¯·æ±‚',
  `method` varchar(100) DEFAULT '' COMMENT 'æ–¹æ³•åç§°',
  `channel` varchar(20) DEFAULT '' COMMENT 'æ¥æºæ¸ é“',
  `login_name` varchar(50) DEFAULT '' COMMENT 'ç™»å½•è´¦å·',
  `dept_name` varchar(50) DEFAULT '' COMMENT 'éƒ¨é—¨åç§°',
  `oper_url` varchar(255) DEFAULT '' COMMENT 'è¯·æ±‚URL',
  `oper_ip` varchar(30) DEFAULT '' COMMENT 'ä¸»æœºåœ°å€',
  `oper_param` varchar(255) DEFAULT '' COMMENT 'è¯·æ±‚å‚æ•°',
  `status` int(1) DEFAULT '0' COMMENT 'æ“ä½œçŠ¶æ€ 0æ­£å¸¸ 1å¼‚å¸¸',
  `error_msg` varchar(2000) DEFAULT '' COMMENT 'é”™è¯¯æ¶ˆæ¯',
  `oper_time` timestamp NOT NULL DEFAULT CURRENT_TIMESTAMP ON UPDATE CURRENT_TIMESTAMP COMMENT 'æ“ä½œæ—¶é—´',
  PRIMARY KEY (`oper_id`)
) ENGINE=InnoDB AUTO_INCREMENT=285 DEFAULT CHARSET=utf8 COMMENT='æ“ä½œæ—¥å¿—è®°å½•';

/*Data for the table `sys_oper_log` */

insert  into `sys_oper_log`(`oper_id`,`title`,`action`,`method`,`channel`,`login_name`,`dept_name`,`oper_url`,`oper_ip`,`oper_param`,`status`,`error_msg`,`oper_time`) values (1,'ç›‘æ§ç®¡ç†','åœ¨çº¿ç”¨æˆ·-å¼ºé€€ç”¨æˆ·','com.ruoyi.project.monitor.online.controller.UserOnlineController()','web','admin','ç ”å‘éƒ¨é—¨','delete.do?id=1','127.0.0.1','JSONå‚æ•°',0,'é”™è¯¯æè¿°','2018-03-01 00:00:00'),(100,'ç³»ç»Ÿå·¥å…·','ä»£ç ç”Ÿæˆ-ç”Ÿæˆä»£ç ','com.ruoyi.project.tool.gen.controller.GenController.genCode()','web','admin','ç ”å‘ä¸€éƒ¨','/tool/gen/genCode/sys_oper_log','0:0:0:0:0:0:0:1','{}',0,NULL,'2018-04-28 17:49:00'),(101,'ç³»ç»Ÿå·¥å…·','ä»£ç ç”Ÿæˆ-ç”Ÿæˆä»£ç ','com.ruoyi.project.tool.gen.controller.GenController.genCode()','web','admin','ç ”å‘ä¸€éƒ¨','/tool/gen/genCode/sys_oper_log','0:0:0:0:0:0:0:1','{}',0,NULL,'2018-04-28 17:49:02'),(102,'ç›‘æ§ç®¡ç†','å®šæ—¶ä»»åŠ¡-æ–°å¢è°ƒåº¦','com.ruoyi.project.monitor.job.controller.JobController.add()','web','admin','ç ”å‘ä¸€éƒ¨','/monitor/job/add','0:0:0:0:0:0:0:1','{}',0,NULL,'2018-04-28 17:50:07'),(103,'ç³»ç»Ÿç®¡ç†','ç”¨æˆ·ç®¡ç†-æ–°å¢ç”¨æˆ·','com.ruoyi.project.system.user.controller.UserController.add()','web','admin','ç ”å‘ä¸€éƒ¨','/system/user/add','0:0:0:0:0:0:0:1','{}',0,NULL,'2018-04-28 17:51:50'),(104,'ç³»ç»Ÿç®¡ç†','ç”¨æˆ·ç®¡ç†-æ–°å¢ç”¨æˆ·','com.ruoyi.project.system.user.controller.UserController.add()','web','admin','ç ”å‘ä¸€éƒ¨','/system/user/add','0:0:0:0:0:0:0:1','{}',0,NULL,'2018-04-28 17:52:13'),(105,'ç³»ç»Ÿç®¡ç†','éƒ¨é—¨ç®¡ç†-ä¿å­˜éƒ¨é—¨','com.ruoyi.project.system.user.controller.UserController.save()','web','admin','ç ”å‘ä¸€éƒ¨','/system/user/save','0:0:0:0:0:0:0:1','{\"deptId\":[\"100\"],\"loginName\":[\"å¼ ä¹¦æ–°æ¬¢è¿ä½ \"],\"userName\":[\"admin\"],\"password\":[\"admin123\"],\"email\":[\"876145734@qq.com\"],\"phonenumber\":[\"15203256631\"],\"status\":[\"0\"],\"roleIds\":[\"1\"],\"postIds\":[\"1\"]}',0,NULL,'2018-04-28 17:52:51'),(106,'ç³»ç»Ÿç®¡ç†','è§’è‰²ç®¡ç†-ä¿®æ”¹è§’è‰²','com.ruoyi.project.system.role.controller.RoleController.edit()','web','admin','ç ”å‘ä¸€éƒ¨','/system/role/edit/1','0:0:0:0:0:0:0:1','{}',0,NULL,'2018-04-28 17:53:00'),(107,'ç³»ç»Ÿç®¡ç†','è§’è‰²ç®¡ç†-ä¿®æ”¹è§’è‰²','com.ruoyi.project.system.role.controller.RoleController.edit()','web','admin','ç ”å‘ä¸€éƒ¨','/system/role/edit/2','0:0:0:0:0:0:0:1','{}',0,NULL,'2018-04-28 17:53:04'),(108,'ç³»ç»Ÿç®¡ç†','è§’è‰²ç®¡ç†-ä¿®æ”¹è§’è‰²','com.ruoyi.project.system.role.controller.RoleController.edit()','web','admin','ç ”å‘ä¸€éƒ¨','/system/role/edit/1','0:0:0:0:0:0:0:1','{}',0,NULL,'2018-04-28 17:53:20'),(109,'ç³»ç»Ÿç®¡ç†','ç”¨æˆ·ç®¡ç†-ä¿®æ”¹ç”¨æˆ·','com.ruoyi.project.system.user.controller.UserController.edit()','web','admin','ç ”å‘ä¸€éƒ¨','/system/user/edit/100','0:0:0:0:0:0:0:1','{}',0,NULL,'2018-04-28 17:53:47'),(110,'ç³»ç»Ÿç®¡ç†','ç”¨æˆ·ç®¡ç†-ä¿®æ”¹ç”¨æˆ·','com.ruoyi.project.system.user.controller.UserController.edit()','web','admin','ç ”å‘ä¸€éƒ¨','/system/user/edit/100','0:0:0:0:0:0:0:1','{}',0,NULL,'2018-04-28 17:53:57'),(111,'ç³»ç»Ÿç®¡ç†','ç”¨æˆ·ç®¡ç†-é‡ç½®å¯†ç ','com.ruoyi.project.system.user.controller.UserController.resetPwd()','web','admin','ç ”å‘ä¸€éƒ¨','/system/user/resetPwd/100','0:0:0:0:0:0:0:1','{}',0,NULL,'2018-04-28 17:54:15'),(112,'ç³»ç»Ÿç®¡ç†','ç”¨æˆ·ç®¡ç†-ä¿®æ”¹ç”¨æˆ·','com.ruoyi.project.system.user.controller.UserController.edit()','web','admin','ç ”å‘ä¸€éƒ¨','/system/user/edit/100','0:0:0:0:0:0:0:1','{}',0,NULL,'2018-04-28 17:54:22'),(113,'ç³»ç»Ÿç®¡ç†','ç”¨æˆ·ç®¡ç†-æ‰¹é‡åˆ é™¤','com.ruoyi.project.system.user.controller.UserController.batchRemove()','web','admin','ç ”å‘ä¸€éƒ¨','/system/user/batchRemove','0:0:0:0:0:0:0:1','{\"ids[]\":[\"100\"]}',0,NULL,'2018-04-28 17:54:28'),(114,'ç³»ç»Ÿç®¡ç†','ç”¨æˆ·ç®¡ç†-æ–°å¢ç”¨æˆ·','com.ruoyi.project.system.user.controller.UserController.add()','web','admin','ç ”å‘ä¸€éƒ¨','/system/user/add','0:0:0:0:0:0:0:1','{}',0,NULL,'2018-04-28 17:54:31'),(116,'ç›‘æ§ç®¡ç†','æ“ä½œæ—¥å¿—-æ‰¹é‡åˆ é™¤','com.ruoyi.project.monitor.operlog.controller.OperlogController.batchRemove()','web','zhangsx','è‹¥ä¾é›†å›¢','/monitor/operlog/batchRemove','0:0:0:0:0:0:0:1','{\"ids[]\":[\"115\"]}',0,NULL,'2018-04-28 18:15:08'),(117,'ç›‘æ§ç®¡ç†','å®šæ—¶ä»»åŠ¡-ä¿®æ”¹è°ƒåº¦','com.ruoyi.project.monitor.job.controller.JobController.edit()','web','zhangsx','è‹¥ä¾é›†å›¢','/monitor/job/edit/1','0:0:0:0:0:0:0:1','{}',0,NULL,'2018-04-28 18:21:34'),(118,'ç›‘æ§ç®¡ç†','å®šæ—¶ä»»åŠ¡-ä¿®æ”¹è°ƒåº¦','com.ruoyi.project.monitor.job.controller.JobController.edit()','web','zhangsx','è‹¥ä¾é›†å›¢','/monitor/job/edit/1','0:0:0:0:0:0:0:1','{}',0,NULL,'2018-04-28 18:21:49'),(119,'ç›‘æ§ç®¡ç†','å®šæ—¶ä»»åŠ¡-ä¿å­˜è°ƒåº¦','com.ruoyi.project.monitor.job.controller.JobController.save()','web','zhangsx','è‹¥ä¾é›†å›¢','/monitor/job/save','0:0:0:0:0:0:0:1','{\"jobId\":[\"1\"],\"jobName\":[\"ryTask\"],\"jobGroup\":[\"ç³»ç»Ÿé»˜è®¤ï¼ˆæ— å‚ï¼‰\"],\"methodName\":[\"ryNoParams\"],\"params\":[\"\"],\"cronExpression\":[\"0/10 * * * * ?\"],\"status\":[\"0\"],\"remark\":[\"ryTask\"]}',0,NULL,'2018-04-28 18:21:53'),(120,'ç›‘æ§ç®¡ç†','å®šæ—¶ä»»åŠ¡-çŠ¶æ€ä¿®æ”¹','com.ruoyi.project.monitor.job.controller.JobController.changeStatus()','web','zhangsx','è‹¥ä¾é›†å›¢','/monitor/job/changeStatus/','0:0:0:0:0:0:0:1','{\"jobId\":[\"1\"],\"status\":[\"1\"]}',0,NULL,'2018-04-28 18:22:02'),(121,'ç³»ç»Ÿç®¡ç†','è§’è‰²ç®¡ç†-ä¿®æ”¹è§’è‰²','com.ruoyi.project.system.role.controller.RoleController.edit()','web','zhangsx','è‹¥ä¾é›†å›¢','/system/role/edit/2','0:0:0:0:0:0:0:1','{}',0,NULL,'2018-04-28 18:22:10'),(122,'ç³»ç»Ÿç®¡ç†','è§’è‰²ç®¡ç†-ä¿å­˜è§’è‰²','com.ruoyi.project.system.role.controller.RoleController.save()','web','zhangsx','è‹¥ä¾é›†å›¢','/system/role/save','0:0:0:0:0:0:0:1','{\"roleId\":[\"2\"],\"roleName\":[\"æ™®é€šè§’è‰²\"],\"roleKey\":[\"common\"],\"roleSort\":[\"2\"],\"status\":[\"0\"],\"remark\":[\"\"],\"menuIds\":[\"\"]}',0,NULL,'2018-04-28 18:22:22'),(123,'ç³»ç»Ÿç®¡ç†','ç”¨æˆ·ç®¡ç†-æ–°å¢ç”¨æˆ·','com.ruoyi.project.system.user.controller.UserController.add()','web','zhangsx','è‹¥ä¾é›†å›¢','/system/user/add','0:0:0:0:0:0:0:1','{}',0,NULL,'2018-04-28 18:22:31'),(124,'ç³»ç»Ÿç®¡ç†','éƒ¨é—¨ç®¡ç†-ä¿å­˜éƒ¨é—¨','com.ruoyi.project.system.user.controller.UserController.save()','web','zhangsx','è‹¥ä¾é›†å›¢','/system/user/save','0:0:0:0:0:0:0:1','{\"deptId\":[\"108\"],\"loginName\":[\"common\"],\"userName\":[\"zhangsx\"],\"password\":[\"123456\"],\"email\":[\"232@111.com\"],\"phonenumber\":[\"1234567890\"],\"status\":[\"0\"],\"roleIds\":[\"2\"],\"postIds\":[\"4\"]}',0,NULL,'2018-04-28 18:23:30'),(125,'ç³»ç»Ÿç®¡ç†','éƒ¨é—¨ç®¡ç†-æ–°å¢éƒ¨é—¨','com.ruoyi.project.system.dept.controller.DeptController.add()','web','admin','ç ”å‘ä¸€éƒ¨','/system/dept/add/100','0:0:0:0:0:0:0:1','{}',0,NULL,'2018-04-28 18:47:55'),(126,'ç³»ç»Ÿç®¡ç†','ç”¨æˆ·ç®¡ç†-ä¿®æ”¹ç”¨æˆ·','com.ruoyi.project.system.user.controller.UserController.edit()','web','admin','ç ”å‘ä¸€éƒ¨','/system/user/edit/102','0:0:0:0:0:0:0:1','{}',0,NULL,'2018-05-02 10:31:09'),(127,'ç³»ç»Ÿç®¡ç†','éƒ¨é—¨ç®¡ç†-ä¿®æ”¹éƒ¨é—¨','com.ruoyi.project.system.dept.controller.DeptController.edit()','web','admin','ç ”å‘ä¸€éƒ¨','/system/dept/edit/101','0:0:0:0:0:0:0:1','{}',0,NULL,'2018-05-02 10:33:49'),(128,'ç³»ç»Ÿç®¡ç†','éƒ¨é—¨ç®¡ç†-ä¿å­˜éƒ¨é—¨','com.ruoyi.project.system.dept.controller.DeptController.save()','web','admin','ç ”å‘ä¸€éƒ¨','/system/dept/save','0:0:0:0:0:0:0:1','{\"deptId\":[\"101\"],\"parentId\":[\"100\"],\"deptName\":[\"æ™ºèƒ½ä¸ä¿¡æ¯å·¥ç¨‹å­¦é™¢\"],\"orderNum\":[\"1\"],\"leader\":[\"é©¬ç ”\"],\"phone\":[\"15011112222\"],\"email\":[\"ry@qq.com\"],\"status\":[\"0\"]}',0,NULL,'2018-05-02 10:34:09'),(129,'ç³»ç»Ÿç®¡ç†','éƒ¨é—¨ç®¡ç†-ä¿®æ”¹éƒ¨é—¨','com.ruoyi.project.system.dept.controller.DeptController.edit()','web','admin','ç ”å‘ä¸€éƒ¨','/system/dept/edit/106','0:0:0:0:0:0:0:1','{}',0,NULL,'2018-05-02 10:34:13'),(130,'ç³»ç»Ÿç®¡ç†','éƒ¨é—¨ç®¡ç†-ä¿å­˜éƒ¨é—¨','com.ruoyi.project.system.dept.controller.DeptController.save()','web','admin','ç ”å‘ä¸€éƒ¨','/system/dept/save','0:0:0:0:0:0:0:1','{\"deptId\":[\"106\"],\"parentId\":[\"101\"],\"deptName\":[\"ç”µå­ä¿¡æ¯å·¥ç¨‹\"],\"orderNum\":[\"1\"],\"leader\":[\"é©¬ä¸€\"],\"phone\":[\"15011112227\"],\"email\":[\"ry@qq.com\"],\"status\":[\"0\"]}',0,NULL,'2018-05-02 10:34:24'),(131,'ç³»ç»Ÿç®¡ç†','éƒ¨é—¨ç®¡ç†-ä¿®æ”¹éƒ¨é—¨','com.ruoyi.project.system.dept.controller.DeptController.edit()','web','admin','ç ”å‘ä¸€éƒ¨','/system/dept/edit/107','0:0:0:0:0:0:0:1','{}',0,NULL,'2018-05-02 10:34:28'),(132,'ç³»ç»Ÿç®¡ç†','éƒ¨é—¨ç®¡ç†-ä¿å­˜éƒ¨é—¨','com.ruoyi.project.system.dept.controller.DeptController.save()','web','admin','ç ”å‘ä¸€éƒ¨','/system/dept/save','0:0:0:0:0:0:0:1','{\"deptId\":[\"107\"],\"parentId\":[\"101\"],\"deptName\":[\"é€šä¿¡å·¥ç¨‹\"],\"orderNum\":[\"2\"],\"leader\":[\"é©¬äºŒ\"],\"phone\":[\"15011112228\"],\"email\":[\"ry@qq.com\"],\"status\":[\"1\"]}',0,NULL,'2018-05-02 10:34:41'),(133,'ç³»ç»Ÿç®¡ç†','éƒ¨é—¨ç®¡ç†-æ–°å¢éƒ¨é—¨','com.ruoyi.project.system.dept.controller.DeptController.add()','web','admin','ç ”å‘ä¸€éƒ¨','/system/dept/add/101','0:0:0:0:0:0:0:1','{}',0,NULL,'2018-05-02 10:34:46'),(134,'ç³»ç»Ÿç®¡ç†','éƒ¨é—¨ç®¡ç†-ä¿å­˜éƒ¨é—¨','com.ruoyi.project.system.dept.controller.DeptController.save()','web','admin','ç ”å‘ä¸€éƒ¨','/system/dept/save','0:0:0:0:0:0:0:1','{\"parentId\":[\"101\"],\"deptName\":[\"è½¨é“äº¤é€šè‡ªåŠ¨åŒ–\"],\"orderNum\":[\"3\"],\"leader\":[\"é©¬ä¸‰\"],\"phone\":[\"15200000000\"],\"email\":[\"mj@163.com\"],\"status\":[\"0\"]}',0,NULL,'2018-05-02 10:35:33'),(135,'ç³»ç»Ÿç®¡ç†','éƒ¨é—¨ç®¡ç†-ä¿®æ”¹éƒ¨é—¨','com.ruoyi.project.system.dept.controller.DeptController.edit()','web','admin','ç ”å‘ä¸€éƒ¨','/system/dept/edit/107','0:0:0:0:0:0:0:1','{}',0,NULL,'2018-05-02 10:35:38'),(136,'ç³»ç»Ÿç®¡ç†','éƒ¨é—¨ç®¡ç†-ä¿å­˜éƒ¨é—¨','com.ruoyi.project.system.dept.controller.DeptController.save()','web','admin','ç ”å‘ä¸€éƒ¨','/system/dept/save','0:0:0:0:0:0:0:1','{\"deptId\":[\"107\"],\"parentId\":[\"101\"],\"deptName\":[\"é€šä¿¡å·¥ç¨‹\"],\"orderNum\":[\"2\"],\"leader\":[\"é©¬äºŒ\"],\"phone\":[\"15011112228\"],\"email\":[\"ry@qq.com\"],\"status\":[\"0\"]}',0,NULL,'2018-05-02 10:35:41'),(137,'ç³»ç»Ÿç®¡ç†','éƒ¨é—¨ç®¡ç†-ä¿®æ”¹éƒ¨é—¨','com.ruoyi.project.system.dept.controller.DeptController.edit()','web','admin','ç ”å‘ä¸€éƒ¨','/system/dept/edit/102','0:0:0:0:0:0:0:1','{}',0,NULL,'2018-05-02 10:35:48'),(138,'ç³»ç»Ÿç®¡ç†','éƒ¨é—¨ç®¡ç†-ä¿å­˜éƒ¨é—¨','com.ruoyi.project.system.dept.controller.DeptController.save()','web','admin','ç ”å‘ä¸€éƒ¨','/system/dept/save','0:0:0:0:0:0:0:1','{\"deptId\":[\"102\"],\"parentId\":[\"100\"],\"deptName\":[\"è®¡ç®—æœºç³»\"],\"orderNum\":[\"2\"],\"leader\":[\"é©¬å¸‚\"],\"phone\":[\"15011112223\"],\"email\":[\"ry@qq.com\"],\"status\":[\"0\"]}',0,NULL,'2018-05-02 10:36:09'),(139,'ç³»ç»Ÿç®¡ç†','éƒ¨é—¨ç®¡ç†-ä¿®æ”¹éƒ¨é—¨','com.ruoyi.project.system.dept.controller.DeptController.edit()','web','admin','ç ”å‘ä¸€éƒ¨','/system/dept/edit/108','0:0:0:0:0:0:0:1','{}',0,NULL,'2018-05-02 10:36:13'),(140,'ç³»ç»Ÿç®¡ç†','éƒ¨é—¨ç®¡ç†-ä¿å­˜éƒ¨é—¨','com.ruoyi.project.system.dept.controller.DeptController.save()','web','admin','ç ”å‘ä¸€éƒ¨','/system/dept/save','0:0:0:0:0:0:0:1','{\"deptId\":[\"108\"],\"parentId\":[\"102\"],\"deptName\":[\"è½¯ä»¶å·¥ç¨‹\"],\"orderNum\":[\"1\"],\"leader\":[\"é©¬ä¸€\"],\"phone\":[\"15011112229\"],\"email\":[\"ry@qq.com\"],\"status\":[\"0\"]}',0,NULL,'2018-05-02 10:36:20'),(141,'ç³»ç»Ÿç®¡ç†','éƒ¨é—¨ç®¡ç†-ä¿®æ”¹éƒ¨é—¨','com.ruoyi.project.system.dept.controller.DeptController.edit()','web','admin','ç ”å‘ä¸€éƒ¨','/system/dept/edit/109','0:0:0:0:0:0:0:1','{}',0,NULL,'2018-05-02 10:36:24'),(142,'ç³»ç»Ÿç®¡ç†','éƒ¨é—¨ç®¡ç†-ä¿å­˜éƒ¨é—¨','com.ruoyi.project.system.dept.controller.DeptController.save()','web','admin','ç ”å‘ä¸€éƒ¨','/system/dept/save','0:0:0:0:0:0:0:1','{\"deptId\":[\"109\"],\"parentId\":[\"102\"],\"deptName\":[\"è®¡ç®—æœºç§‘å­¦ä¸æŠ€æœ¯\"],\"orderNum\":[\"2\"],\"leader\":[\"é©¬äºŒ\"],\"phone\":[\"15011112210\"],\"email\":[\"ry@qq.com\"],\"status\":[\"1\"]}',0,NULL,'2018-05-02 10:36:34'),(143,'ç³»ç»Ÿç®¡ç†','éƒ¨é—¨ç®¡ç†-ä¿®æ”¹éƒ¨é—¨','com.ruoyi.project.system.dept.controller.DeptController.edit()','web','admin','ç ”å‘ä¸€éƒ¨','/system/dept/edit/109','0:0:0:0:0:0:0:1','{}',0,NULL,'2018-05-02 10:36:38'),(144,'ç³»ç»Ÿç®¡ç†','éƒ¨é—¨ç®¡ç†-ä¿å­˜éƒ¨é—¨','com.ruoyi.project.system.dept.controller.DeptController.save()','web','admin','ç ”å‘ä¸€éƒ¨','/system/dept/save','0:0:0:0:0:0:0:1','{\"deptId\":[\"109\"],\"parentId\":[\"102\"],\"deptName\":[\"è®¡ç®—æœºç§‘å­¦ä¸æŠ€æœ¯\"],\"orderNum\":[\"2\"],\"leader\":[\"é©¬äºŒ\"],\"phone\":[\"15011112210\"],\"email\":[\"ry@qq.com\"],\"status\":[\"0\"]}',0,NULL,'2018-05-02 10:36:41'),(145,'ç³»ç»Ÿç®¡ç†','éƒ¨é—¨ç®¡ç†-ä¿®æ”¹éƒ¨é—¨','com.ruoyi.project.system.dept.controller.DeptController.edit()','web','admin','ç ”å‘ä¸€éƒ¨','/system/dept/edit/103','0:0:0:0:0:0:0:1','{}',0,NULL,'2018-05-02 10:36:44'),(146,'ç³»ç»Ÿç®¡ç†','éƒ¨é—¨ç®¡ç†-ä¿å­˜éƒ¨é—¨','com.ruoyi.project.system.dept.controller.DeptController.save()','web','admin','ç ”å‘ä¸€éƒ¨','/system/dept/save','0:0:0:0:0:0:0:1','{\"deptId\":[\"103\"],\"parentId\":[\"100\"],\"deptName\":[\"åœŸæœ¨ç³»\"],\"orderNum\":[\"3\"],\"leader\":[\"é©¬æµ‹\"],\"phone\":[\"15011112224\"],\"email\":[\"ry@qq.com\"],\"status\":[\"0\"]}',0,NULL,'2018-05-02 10:36:52'),(147,'ç³»ç»Ÿç®¡ç†','éƒ¨é—¨ç®¡ç†-ä¿®æ”¹éƒ¨é—¨','com.ruoyi.project.system.dept.controller.DeptController.edit()','web','admin','ç ”å‘ä¸€éƒ¨','/system/dept/edit/104','0:0:0:0:0:0:0:1','{}',0,NULL,'2018-05-02 10:36:55'),(148,'ç³»ç»Ÿç®¡ç†','éƒ¨é—¨ç®¡ç†-ä¿å­˜éƒ¨é—¨','com.ruoyi.project.system.dept.controller.DeptController.save()','web','admin','ç ”å‘ä¸€éƒ¨','/system/dept/save','0:0:0:0:0:0:0:1','{\"deptId\":[\"104\"],\"parentId\":[\"100\"],\"deptName\":[\"å¤–è¯­ç³»\"],\"orderNum\":[\"4\"],\"leader\":[\"é©¬è´¢\"],\"phone\":[\"15011112225\"],\"email\":[\"ry@qq.com\"],\"status\":[\"1\"]}',0,NULL,'2018-05-02 10:37:05'),(149,'ç³»ç»Ÿç®¡ç†','éƒ¨é—¨ç®¡ç†-ä¿®æ”¹éƒ¨é—¨','com.ruoyi.project.system.dept.controller.DeptController.edit()','web','admin','ç ”å‘ä¸€éƒ¨','/system/dept/edit/105','0:0:0:0:0:0:0:1','{}',0,NULL,'2018-05-02 10:37:08'),(150,'ç³»ç»Ÿç®¡ç†','éƒ¨é—¨ç®¡ç†-ä¿å­˜éƒ¨é—¨','com.ruoyi.project.system.dept.controller.DeptController.save()','web','admin','ç ”å‘ä¸€éƒ¨','/system/dept/save','0:0:0:0:0:0:0:1','{\"deptId\":[\"105\"],\"parentId\":[\"100\"],\"deptName\":[\"ç»ç®¡ç³»\"],\"orderNum\":[\"5\"],\"leader\":[\"é©¬è¿\"],\"phone\":[\"15011112226\"],\"email\":[\"ry@qq.com\"],\"status\":[\"1\"]}',0,NULL,'2018-05-02 10:37:14'),(151,'ç³»ç»Ÿç®¡ç†','å­—å…¸ç®¡ç†-æŸ¥è¯¢å­—å…¸æ•°æ®','com.ruoyi.project.system.dict.controller.DictTypeController.detail()','web','admin','ç ”å‘ä¸€éƒ¨','/system/dict/detail/1','0:0:0:0:0:0:0:1','{}',0,NULL,'2018-05-02 10:38:25'),(152,'ç³»ç»Ÿç®¡ç†','å­—å…¸ç®¡ç†-æŸ¥è¯¢å­—å…¸æ•°æ®','com.ruoyi.project.system.dict.controller.DictTypeController.detail()','web','admin','ç ”å‘ä¸€éƒ¨','/system/dict/detail/2','0:0:0:0:0:0:0:1','{}',0,NULL,'2018-05-02 10:38:32'),(153,'ç³»ç»Ÿç®¡ç†','å­—å…¸ç®¡ç†-ä¿®æ”¹å­—å…¸æ•°æ®','com.ruoyi.project.system.dict.controller.DictDataController.edit()','web','admin','ç ”å‘ä¸€éƒ¨','/system/dict/data/edit/10','0:0:0:0:0:0:0:1','{}',0,NULL,'2018-05-02 10:38:35'),(154,'ç³»ç»Ÿç®¡ç†','å­—å…¸ç®¡ç†-ä¿®æ”¹å­—å…¸ç±»å‹','com.ruoyi.project.system.dict.controller.DictTypeController.edit()','web','admin','ç ”å‘ä¸€éƒ¨','/system/dict/edit/1','0:0:0:0:0:0:0:1','{}',0,NULL,'2018-05-02 10:38:45'),(155,'ç³»ç»Ÿç®¡ç†','ç”¨æˆ·ç®¡ç†-æ–°å¢ç”¨æˆ·','com.ruoyi.project.system.user.controller.UserController.add()','web','admin','ç ”å‘ä¸€éƒ¨','/system/user/add','0:0:0:0:0:0:0:1','{}',0,NULL,'2018-05-02 10:41:10'),(156,'ç³»ç»Ÿç®¡ç†','è§’è‰²ç®¡ç†-ä¿®æ”¹è§’è‰²','com.ruoyi.project.system.role.controller.RoleController.edit()','web','admin','ç ”å‘ä¸€éƒ¨','/system/role/edit/2','0:0:0:0:0:0:0:1','{}',0,NULL,'2018-05-02 10:48:12'),(157,'ç³»ç»Ÿå·¥å…·','ä»£ç ç”Ÿæˆ-ç”Ÿæˆä»£ç ','com.ruoyi.project.tool.gen.controller.GenController.genCode()','web','admin','ç ”å‘ä¸€éƒ¨','/tool/gen/genCode/sys_user','0:0:0:0:0:0:0:1','{}',0,NULL,'2018-05-02 10:51:41'),(158,'ç³»ç»Ÿå·¥å…·','ä»£ç ç”Ÿæˆ-ç”Ÿæˆä»£ç ','com.ruoyi.project.tool.gen.controller.GenController.genCode()','web','admin','ç ”å‘ä¸€éƒ¨','/tool/gen/genCode/sys_user','0:0:0:0:0:0:0:1','{}',0,NULL,'2018-05-02 10:51:44'),(159,'ç³»ç»Ÿç®¡ç†','èœå•ç®¡ç†-æ–°å¢èœå•','com.ruoyi.project.system.menu.controller.MenuController.add()','web','admin','ç”µå­ä¿¡æ¯å·¥ç¨‹','/system/menu/add/0','0:0:0:0:0:0:0:1','{}',0,NULL,'2018-05-02 11:28:47'),(160,'ç³»ç»Ÿç®¡ç†','èœå•ç®¡ç†-ä¿®æ”¹èœå•','com.ruoyi.project.system.menu.controller.MenuController.edit()','web','admin','ç”µå­ä¿¡æ¯å·¥ç¨‹','/system/menu/edit/18','0:0:0:0:0:0:0:1','{}',0,NULL,'2018-05-02 11:29:46'),(161,'ç³»ç»Ÿç®¡ç†','èœå•ç®¡ç†-ä¿®æ”¹èœå•','com.ruoyi.project.system.menu.controller.MenuController.edit()','web','admin','ç”µå­ä¿¡æ¯å·¥ç¨‹','/system/menu/edit/4','0:0:0:0:0:0:0:1','{}',0,NULL,'2018-05-02 11:29:52'),(162,'ç³»ç»Ÿç®¡ç†','èœå•ç®¡ç†-æ–°å¢èœå•','com.ruoyi.project.system.menu.controller.MenuController.add()','web','admin','ç”µå­ä¿¡æ¯å·¥ç¨‹','/system/menu/add/0','0:0:0:0:0:0:0:1','{}',0,NULL,'2018-05-02 11:30:02'),(163,'ç³»ç»Ÿç®¡ç†','ç”¨æˆ·ç®¡ç†-ä¿®æ”¹ç”¨æˆ·','com.ruoyi.project.system.user.controller.UserController.edit()','web','admin','ç”µå­ä¿¡æ¯å·¥ç¨‹','/system/user/edit/102','0:0:0:0:0:0:0:1','{}',0,NULL,'2018-05-02 13:28:29'),(164,'ç³»ç»Ÿç®¡ç†','éƒ¨é—¨ç®¡ç†-ä¿®æ”¹éƒ¨é—¨','com.ruoyi.project.system.dept.controller.DeptController.edit()','web','admin','ç”µå­ä¿¡æ¯å·¥ç¨‹','/system/dept/edit/104','0:0:0:0:0:0:0:1','{}',0,NULL,'2018-05-02 13:28:49'),(165,'ç³»ç»Ÿç®¡ç†','éƒ¨é—¨ç®¡ç†-ä¿å­˜éƒ¨é—¨','com.ruoyi.project.system.dept.controller.DeptController.save()','web','admin','ç”µå­ä¿¡æ¯å·¥ç¨‹','/system/dept/save','0:0:0:0:0:0:0:1','{\"deptId\":[\"104\"],\"parentId\":[\"100\"],\"deptName\":[\"å¤–è¯­ç³»\"],\"orderNum\":[\"4\"],\"leader\":[\"é©¬è´¢\"],\"phone\":[\"15011112225\"],\"email\":[\"ry@qq.com\"],\"status\":[\"0\"]}',0,NULL,'2018-05-02 13:28:52'),(166,'ç³»ç»Ÿç®¡ç†','éƒ¨é—¨ç®¡ç†-ä¿®æ”¹éƒ¨é—¨','com.ruoyi.project.system.dept.controller.DeptController.edit()','web','admin','ç”µå­ä¿¡æ¯å·¥ç¨‹','/system/dept/edit/105','0:0:0:0:0:0:0:1','{}',0,NULL,'2018-05-02 13:28:55'),(167,'ç³»ç»Ÿç®¡ç†','éƒ¨é—¨ç®¡ç†-ä¿å­˜éƒ¨é—¨','com.ruoyi.project.system.dept.controller.DeptController.save()','web','admin','ç”µå­ä¿¡æ¯å·¥ç¨‹','/system/dept/save','0:0:0:0:0:0:0:1','{\"deptId\":[\"105\"],\"parentId\":[\"100\"],\"deptName\":[\"ç»ç®¡ç³»\"],\"orderNum\":[\"5\"],\"leader\":[\"é©¬è¿\"],\"phone\":[\"15011112226\"],\"email\":[\"ry@qq.com\"],\"status\":[\"0\"]}',0,NULL,'2018-05-02 13:28:57'),(168,'ç³»ç»Ÿç®¡ç†','å²—ä½ç®¡ç†-ä¿®æ”¹å²—ä½','com.ruoyi.project.system.post.controller.PostController.edit()','web','admin','ç”µå­ä¿¡æ¯å·¥ç¨‹','/system/post/edit/1','0:0:0:0:0:0:0:1','{}',0,NULL,'2018-05-02 13:29:06'),(169,'ç³»ç»Ÿç®¡ç†','å²—ä½ç®¡ç†-ä¿å­˜å²—ä½','com.ruoyi.project.system.post.controller.PostController.save()','web','admin','ç”µå­ä¿¡æ¯å·¥ç¨‹','/system/post/save','0:0:0:0:0:0:0:1','{\"postId\":[\"1\"],\"postCode\":[\"ceo\"],\"postName\":[\"é™¢é•¿\"],\"postSort\":[\"1\"],\"status\":[\"0\"],\"remark\":[\"\"]}',0,NULL,'2018-05-02 13:29:27'),(170,'ç³»ç»Ÿç®¡ç†','å²—ä½ç®¡ç†-ä¿®æ”¹å²—ä½','com.ruoyi.project.system.post.controller.PostController.edit()','web','admin','ç”µå­ä¿¡æ¯å·¥ç¨‹','/system/post/edit/2','0:0:0:0:0:0:0:1','{}',0,NULL,'2018-05-02 13:29:30'),(171,'ç³»ç»Ÿç®¡ç†','å²—ä½ç®¡ç†-ä¿å­˜å²—ä½','com.ruoyi.project.system.post.controller.PostController.save()','web','admin','ç”µå­ä¿¡æ¯å·¥ç¨‹','/system/post/save','0:0:0:0:0:0:0:1','{\"postId\":[\"2\"],\"postCode\":[\"se\"],\"postName\":[\"ä¸»ä»»\"],\"postSort\":[\"2\"],\"status\":[\"0\"],\"remark\":[\"\"]}',0,NULL,'2018-05-02 13:29:38'),(172,'ç³»ç»Ÿç®¡ç†','å²—ä½ç®¡ç†-ä¿®æ”¹å²—ä½','com.ruoyi.project.system.post.controller.PostController.edit()','web','admin','ç”µå­ä¿¡æ¯å·¥ç¨‹','/system/post/edit/3','0:0:0:0:0:0:0:1','{}',0,NULL,'2018-05-02 13:29:41'),(173,'ç³»ç»Ÿç®¡ç†','å²—ä½ç®¡ç†-ä¿å­˜å²—ä½','com.ruoyi.project.system.post.controller.PostController.save()','web','admin','ç”µå­ä¿¡æ¯å·¥ç¨‹','/system/post/save','0:0:0:0:0:0:0:1','{\"postId\":[\"3\"],\"postCode\":[\"hr\"],\"postName\":[\"è¾…å¯¼å‘˜\"],\"postSort\":[\"3\"],\"status\":[\"0\"],\"remark\":[\"\"]}',0,NULL,'2018-05-02 13:29:52'),(174,'ç³»ç»Ÿç®¡ç†','å²—ä½ç®¡ç†-ä¿®æ”¹å²—ä½','com.ruoyi.project.system.post.controller.PostController.edit()','web','admin','ç”µå­ä¿¡æ¯å·¥ç¨‹','/system/post/edit/4','0:0:0:0:0:0:0:1','{}',0,NULL,'2018-05-02 13:29:54'),(175,'ç³»ç»Ÿç®¡ç†','å²—ä½ç®¡ç†-ä¿å­˜å²—ä½','com.ruoyi.project.system.post.controller.PostController.save()','web','admin','ç”µå­ä¿¡æ¯å·¥ç¨‹','/system/post/save','0:0:0:0:0:0:0:1','{\"postId\":[\"4\"],\"postCode\":[\"user\"],\"postName\":[\"å­¦ç”Ÿ\"],\"postSort\":[\"4\"],\"status\":[\"0\"],\"remark\":[\"\"]}',0,NULL,'2018-05-02 13:30:05'),(176,'ç³»ç»Ÿç®¡ç†','ç”¨æˆ·ç®¡ç†-ä¿®æ”¹ç”¨æˆ·','com.ruoyi.project.system.user.controller.UserController.edit()','web','admin','ç”µå­ä¿¡æ¯å·¥ç¨‹','/system/user/edit/2','0:0:0:0:0:0:0:1','{}',0,NULL,'2018-05-02 13:37:16'),(177,'ç³»ç»Ÿç®¡ç†','è§’è‰²ç®¡ç†-æ–°å¢è§’è‰²','com.ruoyi.project.system.role.controller.RoleController.add()','web','admin','ç”µå­ä¿¡æ¯å·¥ç¨‹','/system/role/add','0:0:0:0:0:0:0:1','{}',0,NULL,'2018-05-02 15:40:20'),(178,'ç³»ç»Ÿç®¡ç†','ç”¨æˆ·ç®¡ç†-æ–°å¢ç”¨æˆ·','com.ruoyi.project.system.user.controller.UserController.add()','web','admin','ç”µå­ä¿¡æ¯å·¥ç¨‹','/system/user/add','0:0:0:0:0:0:0:1','{}',0,NULL,'2018-05-02 15:58:24'),(179,'ç³»ç»Ÿç®¡ç†','è§’è‰²ç®¡ç†-æ–°å¢è§’è‰²','com.ruoyi.project.system.role.controller.RoleController.add()','web','admin','ç”µå­ä¿¡æ¯å·¥ç¨‹','/system/role/add','0:0:0:0:0:0:0:1','{}',0,NULL,'2018-05-02 17:10:34'),(180,'ç³»ç»Ÿç®¡ç†','ç”¨æˆ·ç®¡ç†-æ–°å¢ç”¨æˆ·','com.ruoyi.project.system.user.controller.UserController.add()','web','admin','ç”µå­ä¿¡æ¯å·¥ç¨‹','/system/user/add','0:0:0:0:0:0:0:1','{}',0,NULL,'2018-05-02 17:10:41'),(181,'ç³»ç»Ÿç®¡ç†','å²—ä½ç®¡ç†-ä¿®æ”¹å²—ä½','com.ruoyi.project.system.post.controller.PostController.edit()','web','admin','ç”µå­ä¿¡æ¯å·¥ç¨‹','/system/post/edit/1','0:0:0:0:0:0:0:1','{}',0,NULL,'2018-05-02 17:13:41'),(182,'ç³»ç»Ÿç®¡ç†','å²—ä½ç®¡ç†-ä¿å­˜å²—ä½','com.ruoyi.project.system.post.controller.PostController.save()','web','admin','ç”µå­ä¿¡æ¯å·¥ç¨‹','/system/post/save','0:0:0:0:0:0:0:1','{\"postId\":[\"1\"],\"postCode\":[\"Already employed\"],\"postName\":[\"å·²å°±ä¸š\"],\"postSort\":[\"1\"],\"status\":[\"0\"],\"remark\":[\"\"]}',0,NULL,'2018-05-02 17:15:19'),(183,'ç³»ç»Ÿç®¡ç†','å²—ä½ç®¡ç†-ä¿®æ”¹å²—ä½','com.ruoyi.project.system.post.controller.PostController.edit()','web','admin','ç”µå­ä¿¡æ¯å·¥ç¨‹','/system/post/edit/2','0:0:0:0:0:0:0:1','{}',0,NULL,'2018-05-02 17:15:23'),(184,'ç³»ç»Ÿç®¡ç†','å²—ä½ç®¡ç†-ä¿å­˜å²—ä½','com.ruoyi.project.system.post.controller.PostController.save()','web','admin','ç”µå­ä¿¡æ¯å·¥ç¨‹','/system/post/save','0:0:0:0:0:0:0:1','{\"postId\":[\"2\"],\"postCode\":[\"Non employment\"],\"postName\":[\"æœªå°±ä¸š\"],\"postSort\":[\"2\"],\"status\":[\"0\"],\"remark\":[\"\"]}',0,NULL,'2018-05-02 17:16:24'),(185,'ç³»ç»Ÿç®¡ç†','å²—ä½ç®¡ç†-ä¿®æ”¹å²—ä½','com.ruoyi.project.system.post.controller.PostController.edit()','web','admin','ç”µå­ä¿¡æ¯å·¥ç¨‹','/system/post/edit/3','0:0:0:0:0:0:0:1','{}',0,NULL,'2018-05-02 17:16:29'),(186,'ç³»ç»Ÿç®¡ç†','å²—ä½ç®¡ç†-ä¿å­˜å²—ä½','com.ruoyi.project.system.post.controller.PostController.save()','web','admin','ç”µå­ä¿¡æ¯å·¥ç¨‹','/system/post/save','0:0:0:0:0:0:0:1','{\"postId\":[\"3\"],\"postCode\":[\"Entrepreneurship\"],\"postName\":[\"åˆ›ä¸š\"],\"postSort\":[\"3\"],\"status\":[\"0\"],\"remark\":[\"\"]}',0,NULL,'2018-05-02 17:17:45'),(187,'ç³»ç»Ÿç®¡ç†','å²—ä½ç®¡ç†-ä¿®æ”¹å²—ä½','com.ruoyi.project.system.post.controller.PostController.edit()','web','admin','ç”µå­ä¿¡æ¯å·¥ç¨‹','/system/post/edit/4','0:0:0:0:0:0:0:1','{}',0,NULL,'2018-05-02 17:17:48'),(188,'ç³»ç»Ÿç®¡ç†','å²—ä½ç®¡ç†-ä¿å­˜å²—ä½','com.ruoyi.project.system.post.controller.PostController.save()','web','admin','ç”µå­ä¿¡æ¯å·¥ç¨‹','/system/post/save','0:0:0:0:0:0:0:1','{\"postId\":[\"4\"],\"postCode\":[\"Others\"],\"postName\":[\"å…¶ä»–\"],\"postSort\":[\"4\"],\"status\":[\"0\"],\"remark\":[\"\"]}',0,NULL,'2018-05-02 17:18:00'),(189,'ç³»ç»Ÿç®¡ç†','ç”¨æˆ·ç®¡ç†-æ–°å¢ç”¨æˆ·','com.ruoyi.project.system.user.controller.UserController.add()','web','admin','ç”µå­ä¿¡æ¯å·¥ç¨‹','/system/user/add','0:0:0:0:0:0:0:1','{}',0,NULL,'2018-05-02 17:19:23'),(190,'ç³»ç»Ÿç®¡ç†','ç”¨æˆ·ç®¡ç†-æ–°å¢ç”¨æˆ·','com.ruoyi.project.system.user.controller.UserController.add()','web','admin','ç”µå­ä¿¡æ¯å·¥ç¨‹','/system/user/add','0:0:0:0:0:0:0:1','{}',0,NULL,'2018-05-02 17:50:50'),(191,'ç³»ç»Ÿç®¡ç†','ç”¨æˆ·ç®¡ç†-æ–°å¢ç”¨æˆ·','com.ruoyi.project.system.user.controller.UserController.add()','web','admin','ç”µå­ä¿¡æ¯å·¥ç¨‹','/system/user/add','0:0:0:0:0:0:0:1','{}',0,NULL,'2018-05-02 17:55:00'),(192,'ç³»ç»Ÿç®¡ç†','ç”¨æˆ·ç®¡ç†-æ–°å¢ç”¨æˆ·','com.ruoyi.project.system.user.controller.UserController.add()','web','admin','ç”µå­ä¿¡æ¯å·¥ç¨‹','/system/user/add','0:0:0:0:0:0:0:1','{}',0,NULL,'2018-05-02 17:58:35'),(193,'ç³»ç»Ÿç®¡ç†','ç”¨æˆ·ç®¡ç†-æ–°å¢ç”¨æˆ·','com.ruoyi.project.system.user.controller.UserController.add()','web','admin','ç”µå­ä¿¡æ¯å·¥ç¨‹','/system/user/add','0:0:0:0:0:0:0:1','{}',0,NULL,'2018-05-02 18:04:07'),(194,'ç³»ç»Ÿç®¡ç†','ç”¨æˆ·ç®¡ç†-æ–°å¢ç”¨æˆ·','com.ruoyi.project.system.user.controller.UserController.add()','web','admin','ç”µå­ä¿¡æ¯å·¥ç¨‹','/system/user/add','0:0:0:0:0:0:0:1','{}',0,NULL,'2018-05-02 18:06:20'),(195,'ç³»ç»Ÿç®¡ç†','éƒ¨é—¨ç®¡ç†-ä¿å­˜éƒ¨é—¨','com.ruoyi.project.system.user.controller.UserController.save()','web','admin','ç”µå­ä¿¡æ¯å·¥ç¨‹','/system/user/save','0:0:0:0:0:0:0:1','{\"company\":[\"\"],\"number\":[\"2019\"],\"studentId\":[\"4140220427\"],\"deptId\":[\"\"],\"loginName\":[\"4140220427\"],\"userName\":[\"å¼ ä¹¦è‹‡\"],\"password\":[\"123456\"],\"email\":[\"\"],\"phonenumber\":[\"\"],\"status\":[\"0\"],\"roleIds\":[\"2\"],\"postIds\":[\"1\"]}',0,NULL,'2018-05-02 18:06:53'),(196,'ç³»ç»Ÿç®¡ç†','ç”¨æˆ·ç®¡ç†-ä¿®æ”¹ç”¨æˆ·','com.ruoyi.project.system.user.controller.UserController.edit()','web','admin','ç”µå­ä¿¡æ¯å·¥ç¨‹','/system/user/edit/103','0:0:0:0:0:0:0:1','{}',0,NULL,'2018-05-02 18:06:58'),(197,'ç³»ç»Ÿç®¡ç†','ç”¨æˆ·ç®¡ç†-ä¿®æ”¹ç”¨æˆ·','com.ruoyi.project.system.user.controller.UserController.edit()','web','admin','ç”µå­ä¿¡æ¯å·¥ç¨‹','/system/user/edit/103','0:0:0:0:0:0:0:1','{}',0,NULL,'2018-05-02 18:07:07'),(198,'ç³»ç»Ÿç®¡ç†','ç”¨æˆ·ç®¡ç†-ä¿®æ”¹ç”¨æˆ·','com.ruoyi.project.system.user.controller.UserController.edit()','web','admin','ç”µå­ä¿¡æ¯å·¥ç¨‹','/system/user/edit/102','0:0:0:0:0:0:0:1','{}',0,NULL,'2018-05-02 18:07:39'),(199,'ç³»ç»Ÿç®¡ç†','ç”¨æˆ·ç®¡ç†-æ–°å¢ç”¨æˆ·','com.ruoyi.project.system.user.controller.UserController.add()','web','admin','ç”µå­ä¿¡æ¯å·¥ç¨‹','/system/user/add','0:0:0:0:0:0:0:1','{}',0,NULL,'2018-05-02 18:07:51'),(200,'ç³»ç»Ÿç®¡ç†','ç”¨æˆ·ç®¡ç†-æ‰¹é‡åˆ é™¤','com.ruoyi.project.system.user.controller.UserController.batchRemove()','web','admin','ç”µå­ä¿¡æ¯å·¥ç¨‹','/system/user/batchRemove','0:0:0:0:0:0:0:1','{\"ids[]\":[\"102\"]}',0,NULL,'2018-05-02 18:20:11'),(201,'ç³»ç»Ÿç®¡ç†','ç”¨æˆ·ç®¡ç†-æ–°å¢ç”¨æˆ·','com.ruoyi.project.system.user.controller.UserController.add()','web','admin','ç”µå­ä¿¡æ¯å·¥ç¨‹','/system/user/add','0:0:0:0:0:0:0:1','{}',0,NULL,'2018-05-02 18:20:20'),(202,'ç³»ç»Ÿç®¡ç†','éƒ¨é—¨ç®¡ç†-ä¿å­˜éƒ¨é—¨','com.ruoyi.project.system.user.controller.UserController.save()','web','admin','ç”µå­ä¿¡æ¯å·¥ç¨‹','/system/user/save','0:0:0:0:0:0:0:1','{\"company\":[\"\"],\"number\":[\"2018\"],\"studentId\":[\"4140220427\"],\"deptId\":[\"106\"],\"loginName\":[\"4140220427\"],\"userName\":[\"å¼ ä¹¦è‹‡\"],\"password\":[\"123456\"],\"email\":[\"\"],\"phonenumber\":[\"\"],\"status\":[\"0\"],\"roleIds\":[\"2\"],\"postIds\":[\"2\"]}',0,NULL,'2018-05-02 18:20:44'),(203,'ç³»ç»Ÿç®¡ç†','ç”¨æˆ·ç®¡ç†-ä¿®æ”¹ç”¨æˆ·','com.ruoyi.project.system.user.controller.UserController.edit()','web','admin','ç”µå­ä¿¡æ¯å·¥ç¨‹','/system/user/edit/104','0:0:0:0:0:0:0:1','{}',0,NULL,'2018-05-02 18:20:48'),(204,'ç³»ç»Ÿç®¡ç†','ç”¨æˆ·ç®¡ç†-é‡ç½®å¯†ç ','com.ruoyi.project.system.user.controller.UserController.resetPwd()','web','admin','ç”µå­ä¿¡æ¯å·¥ç¨‹','/system/user/resetPwd/104','0:0:0:0:0:0:0:1','{}',0,NULL,'2018-05-02 18:20:59'),(205,'ç³»ç»Ÿç®¡ç†','ç”¨æˆ·ç®¡ç†-æ‰¹é‡åˆ é™¤','com.ruoyi.project.system.user.controller.UserController.batchRemove()','web','admin','ç”µå­ä¿¡æ¯å·¥ç¨‹','/system/user/batchRemove','0:0:0:0:0:0:0:1','{\"ids[]\":[\"104\"]}',0,NULL,'2018-05-02 18:22:29'),(206,'ç³»ç»Ÿç®¡ç†','ç”¨æˆ·ç®¡ç†-æ–°å¢ç”¨æˆ·','com.ruoyi.project.system.user.controller.UserController.add()','web','admin','ç”µå­ä¿¡æ¯å·¥ç¨‹','/system/user/add','0:0:0:0:0:0:0:1','{}',0,NULL,'2018-05-02 18:23:46'),(207,'ç³»ç»Ÿç®¡ç†','éƒ¨é—¨ç®¡ç†-ä¿å­˜éƒ¨é—¨','com.ruoyi.project.system.user.controller.UserController.save()','web','admin','ç”µå­ä¿¡æ¯å·¥ç¨‹','/system/user/save','0:0:0:0:0:0:0:1','{\"company\":[\"313231\"],\"number\":[\"2018\"],\"studentId\":[\"4140220427\"],\"deptId\":[\"106\"],\"loginName\":[\"4140220427\"],\"userName\":[\"å¼ ä¹¦è‹‡\"],\"password\":[\"123456\"],\"email\":[\"31322@11\"],\"phonenumber\":[\"1213\"],\"status\":[\"0\"],\"roleIds\":[\"\"],\"postIds\":[\"2\"]}',0,NULL,'2018-05-02 18:24:19'),(208,'ç³»ç»Ÿç®¡ç†','ç”¨æˆ·ç®¡ç†-ä¿®æ”¹ç”¨æˆ·','com.ruoyi.project.system.user.controller.UserController.edit()','web','admin','ç”µå­ä¿¡æ¯å·¥ç¨‹','/system/user/edit/105','0:0:0:0:0:0:0:1','{}',0,NULL,'2018-05-02 18:24:22'),(209,'ç³»ç»Ÿç®¡ç†','ç”¨æˆ·ç®¡ç†-æ–°å¢ç”¨æˆ·','com.ruoyi.project.system.user.controller.UserController.add()','web','admin','ç”µå­ä¿¡æ¯å·¥ç¨‹','/system/user/add','0:0:0:0:0:0:0:1','{}',0,NULL,'2018-05-02 18:32:07'),(210,'ç³»ç»Ÿç®¡ç†','è§’è‰²ç®¡ç†-ä¿®æ”¹è§’è‰²','com.ruoyi.project.system.role.controller.RoleController.edit()','web','admin','ç”µå­ä¿¡æ¯å·¥ç¨‹','/system/role/edit/2','0:0:0:0:0:0:0:1','{}',0,NULL,'2018-05-02 18:33:30'),(211,'ç³»ç»Ÿç®¡ç†','è§’è‰²ç®¡ç†-ä¿å­˜è§’è‰²','com.ruoyi.project.system.role.controller.RoleController.save()','web','admin','ç”µå­ä¿¡æ¯å·¥ç¨‹','/system/role/save','0:0:0:0:0:0:0:1','{\"roleId\":[\"2\"],\"roleName\":[\"å­¦ç”Ÿ\"],\"roleKey\":[\"common\"],\"roleSort\":[\"2\"],\"status\":[\"0\"],\"remark\":[\"\"],\"menuIds\":[\"\"]}',0,NULL,'2018-05-02 18:33:36'),(212,'ç³»ç»Ÿç®¡ç†','ç”¨æˆ·ç®¡ç†-ä¿®æ”¹ç”¨æˆ·','com.ruoyi.project.system.user.controller.UserController.edit()','web','admin','ç”µå­ä¿¡æ¯å·¥ç¨‹','/system/user/edit/105','0:0:0:0:0:0:0:1','{}',0,NULL,'2018-05-02 18:33:52'),(213,'ç³»ç»Ÿç®¡ç†','ç”¨æˆ·ç®¡ç†-ä¿®æ”¹ç”¨æˆ·','com.ruoyi.project.system.user.controller.UserController.edit()','web','admin','ç”µå­ä¿¡æ¯å·¥ç¨‹','/system/user/edit/101','0:0:0:0:0:0:0:1','{}',0,NULL,'2018-05-02 18:33:56'),(214,'ç³»ç»Ÿç®¡ç†','ç”¨æˆ·ç®¡ç†-ä¿®æ”¹ç”¨æˆ·','com.ruoyi.project.system.user.controller.UserController.edit()','web','admin','ç”µå­ä¿¡æ¯å·¥ç¨‹','/system/user/edit/105','0:0:0:0:0:0:0:1','{}',0,NULL,'2018-05-02 18:33:59'),(215,'ç³»ç»Ÿç®¡ç†','ç”¨æˆ·ç®¡ç†-é‡ç½®å¯†ç ','com.ruoyi.project.system.user.controller.UserController.resetPwd()','web','admin','ç”µå­ä¿¡æ¯å·¥ç¨‹','/system/user/resetPwd/105','0:0:0:0:0:0:0:1','{}',0,NULL,'2018-05-03 10:55:28'),(216,'ç³»ç»Ÿç®¡ç†','ç”¨æˆ·ç®¡ç†-ä¿®æ”¹ç”¨æˆ·','com.ruoyi.project.system.user.controller.UserController.edit()','web','admin','ç”µå­ä¿¡æ¯å·¥ç¨‹','/system/user/edit/105','0:0:0:0:0:0:0:1','{}',0,NULL,'2018-05-03 10:55:31'),(217,'ç³»ç»Ÿç®¡ç†','ç”¨æˆ·ç®¡ç†-ä¿®æ”¹ç”¨æˆ·','com.ruoyi.project.system.user.controller.UserController.edit()','web','admin','ç”µå­ä¿¡æ¯å·¥ç¨‹','/system/user/edit/105','0:0:0:0:0:0:0:1','{}',0,NULL,'2018-05-03 11:04:42'),(218,'ç³»ç»Ÿç®¡ç†','ç”¨æˆ·ç®¡ç†-ä¿®æ”¹ç”¨æˆ·','com.ruoyi.project.system.user.controller.UserController.edit()','web','admin','ç”µå­ä¿¡æ¯å·¥ç¨‹','/system/user/edit/105','0:0:0:0:0:0:0:1','{}',0,NULL,'2018-05-03 11:05:48'),(219,'ç³»ç»Ÿç®¡ç†','ç”¨æˆ·ç®¡ç†-ä¿®æ”¹ç”¨æˆ·','com.ruoyi.project.system.user.controller.UserController.edit()','web','admin','ç”µå­ä¿¡æ¯å·¥ç¨‹','/system/user/edit/105','0:0:0:0:0:0:0:1','{}',0,NULL,'2018-05-03 11:08:54'),(220,'ç³»ç»Ÿç®¡ç†','ç”¨æˆ·ç®¡ç†-ä¿®æ”¹ç”¨æˆ·','com.ruoyi.project.system.user.controller.UserController.edit()','web','admin','ç”µå­ä¿¡æ¯å·¥ç¨‹','/system/user/edit/105','0:0:0:0:0:0:0:1','{}',0,NULL,'2018-05-03 11:13:24'),(221,'ç³»ç»Ÿç®¡ç†','ç”¨æˆ·ç®¡ç†-ä¿®æ”¹ç”¨æˆ·','com.ruoyi.project.system.user.controller.UserController.edit()','web','admin','ç”µå­ä¿¡æ¯å·¥ç¨‹','/system/user/edit/105','0:0:0:0:0:0:0:1','{}',0,NULL,'2018-05-03 11:14:08'),(222,'ç³»ç»Ÿç®¡ç†','éƒ¨é—¨ç®¡ç†-ä¿å­˜éƒ¨é—¨','com.ruoyi.project.system.user.controller.UserController.save()','web','admin','ç”µå­ä¿¡æ¯å·¥ç¨‹','/system/user/save','0:0:0:0:0:0:0:1','{\"company\":[\"313231\"],\"userId\":[\"105\"],\"deptId\":[\"106\"],\"userName\":[\"å¼ ä¹¦è‹‡\"],\"email\":[\"31322@11\"],\"phonenumber\":[\"1213\"],\"status\":[\"0\"],\"roleIds\":[\"\"],\"postIds\":[\"2\"]}',0,NULL,'2018-05-03 11:14:27'),(223,'ç³»ç»Ÿç®¡ç†','ç”¨æˆ·ç®¡ç†-ä¿®æ”¹ç”¨æˆ·','com.ruoyi.project.system.user.controller.UserController.edit()','web','admin','ç”µå­ä¿¡æ¯å·¥ç¨‹','/system/user/edit/105','0:0:0:0:0:0:0:1','{}',0,NULL,'2018-05-03 11:18:18'),(224,'ç³»ç»Ÿç®¡ç†','ç”¨æˆ·ç®¡ç†-ä¿®æ”¹ç”¨æˆ·','com.ruoyi.project.system.user.controller.UserController.edit()','web','admin','ç”µå­ä¿¡æ¯å·¥ç¨‹','/system/user/edit/105','0:0:0:0:0:0:0:1','{}',0,NULL,'2018-05-03 11:19:03'),(225,'ç³»ç»Ÿç®¡ç†','éƒ¨é—¨ç®¡ç†-ä¿å­˜éƒ¨é—¨','com.ruoyi.project.system.user.controller.UserController.save()','web','admin','ç”µå­ä¿¡æ¯å·¥ç¨‹','/system/user/save','0:0:0:0:0:0:0:1','{\"company\":[\"313231\"],\"userId\":[\"105\"],\"deptId\":[\"106\"],\"userName\":[\"å¼ ä¹¦è‹‡\"],\"email\":[\"31322@11\"],\"phonenumber\":[\"1213\"],\"status\":[\"0\"],\"roleIds\":[\"1\"],\"postIds\":[\"2\"]}',1,'\r\n### Error updating database.  Cause: java.sql.SQLException: sql injection violation, syntax error: syntax error, expect EQ, actual COMMA company : update sys_user\n 		 SET dept_id = ?,\n 			\n 			user_name = ?,\n 			email = ?,\n 			phonenumber = ?,\n 			\n            \n            \n            company,\n            \n 			\n 			status = ?,\n 			\n 			update_by = ?,\n 			update_time = sysdate() \n 		where 1=1\n 		 and user_id = ?\r\n### SQL: update sys_user     SET dept_id = ?,          user_name = ?,     email = ?,     phonenumber = ?,                                            company,                       status = ?,          update_by = ?,     update_time = sysdate()     where 1=1     and user_id = ?\r\n### Cause: java.sql.SQLException: sql injection violation, syntax error: syntax error, expect EQ, actual COMMA company : update sys_user\n 		 SET dept_id = ?,\n 			\n 			user_name = ?,\n 			email = ?,\n 			phonenumber = ?,\n 			\n            \n            \n            company,\n            \n 			\n 			status = ?,\n 			\n 			update_by = ?,\n 			update_time = sysdate() \n 		where 1=1\n 		 and user_id = ?\n; uncategorized SQLException for SQL []; SQL state [null]; error code [0]; sql injection violation, syntax error: syntax error, expect EQ, actual COMMA company : update sys_user\n 		 SET dept_id = ?,\n 			\n 			user_name = ?,\n 			email = ?,\n 			phonenumber = ?,\n 			\n            \n            \n            company,\n            \n 			\n 			status = ?,\n 			\n 			update_by = ?,\n 			update_time = sysdate() \n 		where 1=1\n 		 and user_id = ?; nested exception is java.sql.SQLException: sql injection violation, syntax error: syntax error, expect EQ, actual COMMA company : update sys_user\n 		 SET dept_id = ?,\n 			\n 			user_name = ?,\n 			email = ?,\n 			phonenumber = ?,\n 			\n            \n            \n            company,\n            \n 			\n 			status = ?,\n 			\n 			update_by = ?,\n 			update_time = sysdate() \n 		where 1=1\n 		 and user_id = ?','2018-05-03 11:19:19'),(226,'ç³»ç»Ÿç®¡ç†','ç”¨æˆ·ç®¡ç†-ä¿®æ”¹ç”¨æˆ·','com.ruoyi.project.system.user.controller.UserController.edit()','web','admin','ç”µå­ä¿¡æ¯å·¥ç¨‹','/system/user/edit/105','0:0:0:0:0:0:0:1','{}',0,NULL,'2018-05-03 11:23:49'),(227,'ç³»ç»Ÿç®¡ç†','éƒ¨é—¨ç®¡ç†-ä¿å­˜éƒ¨é—¨','com.ruoyi.project.system.user.controller.UserController.save()','web','admin','ç”µå­ä¿¡æ¯å·¥ç¨‹','/system/user/save','0:0:0:0:0:0:0:1','{\"company\":[\"313231\"],\"userId\":[\"105\"],\"deptId\":[\"106\"],\"userName\":[\"å¼ ä¹¦è‹‡\"],\"email\":[\"31322@11\"],\"phonenumber\":[\"1213\"],\"status\":[\"0\"],\"roleIds\":[\"1\"],\"postIds\":[\"2\"]}',0,NULL,'2018-05-03 11:23:54'),(228,'ç³»ç»Ÿç®¡ç†','ç”¨æˆ·ç®¡ç†-ä¿®æ”¹ç”¨æˆ·','com.ruoyi.project.system.user.controller.UserController.edit()','web','admin','ç”µå­ä¿¡æ¯å·¥ç¨‹','/system/user/edit/105','0:0:0:0:0:0:0:1','{}',0,NULL,'2018-05-03 11:23:57'),(229,'ç³»ç»Ÿç®¡ç†','éƒ¨é—¨ç®¡ç†-ä¿å­˜éƒ¨é—¨','com.ruoyi.project.system.user.controller.UserController.save()','web','admin','ç”µå­ä¿¡æ¯å·¥ç¨‹','/system/user/save','0:0:0:0:0:0:0:1','{\"company\":[\"123123\"],\"userId\":[\"105\"],\"deptId\":[\"106\"],\"userName\":[\"å¼ ä¹¦è‹‡\"],\"email\":[\"31322@11\"],\"phonenumber\":[\"1213\"],\"status\":[\"0\"],\"roleIds\":[\"1\"],\"postIds\":[\"2\"]}',0,NULL,'2018-05-03 11:25:36'),(230,'ç³»ç»Ÿç®¡ç†','ç”¨æˆ·ç®¡ç†-ä¿®æ”¹ç”¨æˆ·','com.ruoyi.project.system.user.controller.UserController.edit()','web','admin','ç”µå­ä¿¡æ¯å·¥ç¨‹','/system/user/edit/105','0:0:0:0:0:0:0:1','{}',0,NULL,'2018-05-03 11:25:52'),(231,'ç³»ç»Ÿç®¡ç†','éƒ¨é—¨ç®¡ç†-ä¿å­˜éƒ¨é—¨','com.ruoyi.project.system.user.controller.UserController.save()','web','admin','ç”µå­ä¿¡æ¯å·¥ç¨‹','/system/user/save','0:0:0:0:0:0:0:1','{\"company\":[\"123123\"],\"userId\":[\"105\"],\"deptId\":[\"106\"],\"userName\":[\"å¼ ä¹¦è‹‡\"],\"email\":[\"31322@11\"],\"phonenumber\":[\"1213\"],\"status\":[\"0\"],\"roleIds\":[\"1\"],\"postIds\":[\"2\"]}',0,NULL,'2018-05-03 11:25:58'),(232,'ç³»ç»Ÿç®¡ç†','ç”¨æˆ·ç®¡ç†-ä¿®æ”¹ç”¨æˆ·','com.ruoyi.project.system.user.controller.UserController.edit()','web','4140220427','ç”µå­ä¿¡æ¯å·¥ç¨‹','/system/user/edit/105','0:0:0:0:0:0:0:1','{}',0,NULL,'2018-05-03 11:27:37'),(233,'ç³»ç»Ÿç®¡ç†','éƒ¨é—¨ç®¡ç†-ä¿å­˜éƒ¨é—¨','com.ruoyi.project.system.user.controller.UserController.save()','web','4140220427','ç”µå­ä¿¡æ¯å·¥ç¨‹','/system/user/save','0:0:0:0:0:0:0:1','{\"company\":[\"123123\"],\"userId\":[\"105\"],\"deptId\":[\"106\"],\"userName\":[\"å¼ ä¹¦è‹‡\"],\"email\":[\"31322@11\"],\"phonenumber\":[\"1213\"],\"status\":[\"0\"],\"roleIds\":[\"1\"],\"postIds\":[\"2\"]}',0,NULL,'2018-05-03 11:27:45'),(234,'ç³»ç»Ÿç®¡ç†','ç”¨æˆ·ç®¡ç†-ä¿®æ”¹ç”¨æˆ·','com.ruoyi.project.system.user.controller.UserController.edit()','web','4140220427','ç”µå­ä¿¡æ¯å·¥ç¨‹','/system/user/edit/105','0:0:0:0:0:0:0:1','{}',0,NULL,'2018-05-03 11:27:52'),(235,'ç³»ç»Ÿç®¡ç†','éƒ¨é—¨ç®¡ç†-ä¿å­˜éƒ¨é—¨','com.ruoyi.project.system.user.controller.UserController.save()','web','4140220427','ç”µå­ä¿¡æ¯å·¥ç¨‹','/system/user/save','0:0:0:0:0:0:0:1','{\"company\":[\"123123\"],\"userId\":[\"105\"],\"deptId\":[\"106\"],\"userName\":[\"å¼ ä¹¦è‹‡\"],\"email\":[\"31322@11\"],\"phonenumber\":[\"1213\"],\"status\":[\"0\"],\"roleIds\":[\"1\"],\"postIds\":[\"2\"]}',0,NULL,'2018-05-03 11:29:03'),(236,'ç³»ç»Ÿç®¡ç†','ç”¨æˆ·ç®¡ç†-ä¿®æ”¹ç”¨æˆ·','com.ruoyi.project.system.user.controller.UserController.edit()','web','4140220427','ç”µå­ä¿¡æ¯å·¥ç¨‹','/system/user/edit/105','0:0:0:0:0:0:0:1','{}',0,NULL,'2018-05-03 11:31:25'),(237,'ç³»ç»Ÿç®¡ç†','ç”¨æˆ·ç®¡ç†-ä¿®æ”¹ç”¨æˆ·','com.ruoyi.project.system.user.controller.UserController.edit()','web','4140220427','ç”µå­ä¿¡æ¯å·¥ç¨‹','/system/user/edit/2','0:0:0:0:0:0:0:1','{}',0,NULL,'2018-05-03 11:31:51'),(238,'ç³»ç»Ÿç®¡ç†','ç”¨æˆ·ç®¡ç†-ä¿®æ”¹ç”¨æˆ·','com.ruoyi.project.system.user.controller.UserController.edit()','web','4140220427','ç”µå­ä¿¡æ¯å·¥ç¨‹','/system/user/edit/105','0:0:0:0:0:0:0:1','{}',0,NULL,'2018-05-03 11:32:32'),(239,'ç³»ç»Ÿç®¡ç†','éƒ¨é—¨ç®¡ç†-ä¿å­˜éƒ¨é—¨','com.ruoyi.project.system.user.controller.UserController.save()','web','4140220427','ç”µå­ä¿¡æ¯å·¥ç¨‹','/system/user/save','0:0:0:0:0:0:0:1','{\"company\":[\"123123\"],\"companyAdress\":[\"é«˜ç§‘è¥¿è·¯\"],\"userId\":[\"105\"],\"deptId\":[\"106\"],\"userName\":[\"å¼ ä¹¦è‹‡\"],\"email\":[\"31322@11\"],\"phonenumber\":[\"1213\"],\"status\":[\"0\"],\"roleIds\":[\"1\"],\"postIds\":[\"2\"]}',0,NULL,'2018-05-03 11:32:36'),(240,'ç³»ç»Ÿç®¡ç†','ç”¨æˆ·ç®¡ç†-ä¿®æ”¹ç”¨æˆ·','com.ruoyi.project.system.user.controller.UserController.edit()','web','admin','ç”µå­ä¿¡æ¯å·¥ç¨‹','/system/user/edit/105','0:0:0:0:0:0:0:1','{}',0,NULL,'2018-05-03 11:35:14'),(241,'ç³»ç»Ÿç®¡ç†','éƒ¨é—¨ç®¡ç†-ä¿å­˜éƒ¨é—¨','com.ruoyi.project.system.user.controller.UserController.save()','web','admin','ç”µå­ä¿¡æ¯å·¥ç¨‹','/system/user/save','0:0:0:0:0:0:0:1','{\"company\":[\"123123\"],\"companyAddress\":[\"é«˜ç§‘è¥¿è·¯\"],\"userId\":[\"105\"],\"deptId\":[\"106\"],\"userName\":[\"å¼ ä¹¦è‹‡\"],\"email\":[\"31322@11\"],\"phonenumber\":[\"1213\"],\"status\":[\"0\"],\"roleIds\":[\"1\"],\"postIds\":[\"2\"]}',0,NULL,'2018-05-03 11:35:18'),(242,'ç³»ç»Ÿç®¡ç†','ç”¨æˆ·ç®¡ç†-ä¿®æ”¹ç”¨æˆ·','com.ruoyi.project.system.user.controller.UserController.edit()','web','admin','ç”µå­ä¿¡æ¯å·¥ç¨‹','/system/user/edit/105','0:0:0:0:0:0:0:1','{}',0,NULL,'2018-05-03 11:35:22'),(243,'ç³»ç»Ÿç®¡ç†','éƒ¨é—¨ç®¡ç†-ä¿®æ”¹éƒ¨é—¨','com.ruoyi.project.system.dept.controller.DeptController.edit()','web','4140220427','ç”µå­ä¿¡æ¯å·¥ç¨‹','/system/dept/edit/106','0:0:0:0:0:0:0:1','{}',0,NULL,'2018-05-03 11:35:57'),(244,'ç³»ç»Ÿç®¡ç†','éƒ¨é—¨ç®¡ç†-æ–°å¢éƒ¨é—¨','com.ruoyi.project.system.dept.controller.DeptController.add()','web','4140220427','ç”µå­ä¿¡æ¯å·¥ç¨‹','/system/dept/add/100','0:0:0:0:0:0:0:1','{}',0,NULL,'2018-05-03 11:36:03'),(245,'ç³»ç»Ÿç®¡ç†','ç”¨æˆ·ç®¡ç†-æ‰¹é‡åˆ é™¤','com.ruoyi.project.system.user.controller.UserController.batchRemove()','web','4140220427','ç”µå­ä¿¡æ¯å·¥ç¨‹','/system/user/batchRemove','0:0:0:0:0:0:0:1','{\"ids[]\":[\"2\"]}',0,NULL,'2018-05-03 11:38:18'),(246,'ç³»ç»Ÿç®¡ç†','ç”¨æˆ·ç®¡ç†-é‡ç½®å¯†ç ','com.ruoyi.project.system.user.controller.UserController.resetPwd()','web','4140220427','ç”µå­ä¿¡æ¯å·¥ç¨‹','/system/user/resetPwd/101','0:0:0:0:0:0:0:1','{}',0,NULL,'2018-05-03 11:44:16'),(247,'ç³»ç»Ÿç®¡ç†','ç”¨æˆ·ç®¡ç†-ä¿®æ”¹ç”¨æˆ·','com.ruoyi.project.system.user.controller.UserController.edit()','web','admin','ç”µå­ä¿¡æ¯å·¥ç¨‹','/system/user/edit/101','0:0:0:0:0:0:0:1','{}',0,NULL,'2018-05-03 15:52:47'),(248,'ç³»ç»Ÿç®¡ç†','è§’è‰²ç®¡ç†-åˆ é™¤è§’è‰²','com.ruoyi.project.system.role.controller.RoleController.remove()','web','admin','ç”µå­ä¿¡æ¯å·¥ç¨‹','/system/role/remove/2','0:0:0:0:0:0:0:1','{}',0,NULL,'2018-05-03 15:53:19'),(249,'ç³»ç»Ÿç®¡ç†','ç”¨æˆ·ç®¡ç†-ä¿®æ”¹ç”¨æˆ·','com.ruoyi.project.system.user.controller.UserController.edit()','web','admin','ç”µå­ä¿¡æ¯å·¥ç¨‹','/system/user/edit/105','0:0:0:0:0:0:0:1','{}',0,NULL,'2018-05-03 15:53:25'),(250,'ç³»ç»Ÿç®¡ç†','ç”¨æˆ·ç®¡ç†-æ–°å¢ç”¨æˆ·','com.ruoyi.project.system.user.controller.UserController.add()','web','admin','ç”µå­ä¿¡æ¯å·¥ç¨‹','/system/user/add','0:0:0:0:0:0:0:1','{}',0,NULL,'2018-05-03 15:53:31'),(251,'ç³»ç»Ÿç®¡ç†','éƒ¨é—¨ç®¡ç†-ä¿å­˜éƒ¨é—¨','com.ruoyi.project.system.user.controller.UserController.save()','web','admin','ç”µå­ä¿¡æ¯å·¥ç¨‹','/system/user/save','0:0:0:0:0:0:0:1','{\"company\":[\"é‚¢å°å¸‚äººæ°‘åŒ»é™¢\"],\"companyAddress\":[\"é‚¢å°å¸‚æ²³è¥¿åŒº\"],\"number\":[\"2018\"],\"studentId\":[\"4140220428\"],\"deptId\":[\"106\"],\"loginName\":[\"4140220428\"],\"userName\":[\"å´”é‘«\"],\"password\":[\"admin123\"],\"email\":[\"cx@163.com\"],\"phonenumber\":[\"15222222222\"],\"status\":[\"0\"],\"role',0,NULL,'2018-05-03 15:55:02'),(252,'ç³»ç»Ÿç®¡ç†','ç”¨æˆ·ç®¡ç†-æ–°å¢ç”¨æˆ·','com.ruoyi.project.system.user.controller.UserController.add()','web','admin','ç”µå­ä¿¡æ¯å·¥ç¨‹','/system/user/add','0:0:0:0:0:0:0:1','{}',0,NULL,'2018-05-03 16:58:20'),(253,'ç³»ç»Ÿç®¡ç†','ç”¨æˆ·ç®¡ç†-ä¿®æ”¹ç”¨æˆ·','com.ruoyi.project.system.user.controller.UserController.edit()','web','admin','ç”µå­ä¿¡æ¯å·¥ç¨‹','/system/user/edit/106','0:0:0:0:0:0:0:1','{}',0,NULL,'2018-05-03 17:28:46'),(254,'ç³»ç»Ÿç®¡ç†','ç”¨æˆ·ç®¡ç†-åˆ é™¤ç”¨æˆ·','com.ruoyi.project.system.user.controller.UserController.remove()','web','admin','ç”µå­ä¿¡æ¯å·¥ç¨‹','/system/user/remove/101','0:0:0:0:0:0:0:1','{}',0,NULL,'2018-05-03 17:28:57'),(255,'ç³»ç»Ÿç®¡ç†','ç”¨æˆ·ç®¡ç†-é‡ç½®å¯†ç ','com.ruoyi.project.system.user.controller.UserController.resetPwd()','web','admin','ç”µå­ä¿¡æ¯å·¥ç¨‹','/system/user/resetPwd/105','0:0:0:0:0:0:0:1','{}',0,NULL,'2018-05-03 17:29:00'),(256,'ç³»ç»Ÿç®¡ç†','ç”¨æˆ·ç®¡ç†-é‡ç½®å¯†ç ','com.ruoyi.project.system.user.controller.UserController.resetPwd()','web','admin','ç”µå­ä¿¡æ¯å·¥ç¨‹','/system/user/resetPwd/105','0:0:0:0:0:0:0:1','{}',0,NULL,'2018-05-03 17:29:06'),(257,'ç³»ç»Ÿç®¡ç†','ç”¨æˆ·ç®¡ç†-é‡ç½®å¯†ç ','com.ruoyi.project.system.user.controller.UserController.resetPwd()','web','admin','ç”µå­ä¿¡æ¯å·¥ç¨‹','/system/user/resetPwd','0:0:0:0:0:0:0:1','{\"userId\":[\"105\"],\"loginName\":[\"4140220427\"],\"password\":[\"admin123\"]}',0,NULL,'2018-05-03 17:29:15'),(258,'ç³»ç»Ÿç®¡ç†','ç”¨æˆ·ç®¡ç†-ä¿®æ”¹ç”¨æˆ·','com.ruoyi.project.system.user.controller.UserController.edit()','web','4140220427','ç”µå­ä¿¡æ¯å·¥ç¨‹','/system/user/edit/105','0:0:0:0:0:0:0:1','{}',0,NULL,'2018-05-03 17:39:06'),(259,'ç³»ç»Ÿç®¡ç†','éƒ¨é—¨ç®¡ç†-ä¿å­˜éƒ¨é—¨','com.ruoyi.project.system.user.controller.UserController.save()','web','4140220427','ç”µå­ä¿¡æ¯å·¥ç¨‹','/system/user/save','0:0:0:0:0:0:0:1','{\"company\":[\"123123\"],\"companyAddress\":[\"é«˜ç§‘è¥¿è·¯\"],\"userId\":[\"105\"],\"deptId\":[\"106\"],\"userName\":[\"å¼ ä¹¦è‹‡\"],\"email\":[\"31322@11\"],\"phonenumber\":[\"1213\"],\"status\":[\"0\"],\"roleIds\":[\"1\"],\"postIds\":[\"2\"]}',0,NULL,'2018-05-03 17:39:10'),(260,'ç³»ç»Ÿç®¡ç†','ç”¨æˆ·ç®¡ç†-ä¿®æ”¹ç”¨æˆ·','com.ruoyi.project.system.user.controller.UserController.edit()','web','4140220427','ç”µå­ä¿¡æ¯å·¥ç¨‹','/system/user/edit/106','0:0:0:0:0:0:0:1','{}',0,NULL,'2018-05-03 17:39:13'),(261,'ç³»ç»Ÿç®¡ç†','éƒ¨é—¨ç®¡ç†-ä¿å­˜éƒ¨é—¨','com.ruoyi.project.system.user.controller.UserController.save()','web','4140220427','ç”µå­ä¿¡æ¯å·¥ç¨‹','/system/user/save','0:0:0:0:0:0:0:1','{\"company\":[\"é‚¢å°å¸‚äººæ°‘åŒ»é™¢\"],\"companyAddress\":[\"é‚¢å°å¸‚æ²³è¥¿åŒº\"],\"userId\":[\"106\"],\"deptId\":[\"106\"],\"userName\":[\"å´”é‘«\"],\"email\":[\"cx@163.com\"],\"phonenumber\":[\"15222222222\"],\"status\":[\"0\"],\"roleIds\":[\"\"],\"postIds\":[\"2\"]}',0,NULL,'2018-05-03 17:39:17'),(262,'ç³»ç»Ÿç®¡ç†','ç”¨æˆ·ç®¡ç†-ä¿®æ”¹ç”¨æˆ·','com.ruoyi.project.system.user.controller.UserController.edit()','web','4140220427','ç”µå­ä¿¡æ¯å·¥ç¨‹','/system/user/edit/106','0:0:0:0:0:0:0:1','{}',0,NULL,'2018-05-03 18:00:19'),(263,'ç³»ç»Ÿç®¡ç†','éƒ¨é—¨ç®¡ç†-ä¿å­˜éƒ¨é—¨','com.ruoyi.project.system.user.controller.UserController.save()','web','4140220427','ç”µå­ä¿¡æ¯å·¥ç¨‹','/system/user/save','0:0:0:0:0:0:0:1','{\"company\":[\"é‚¢å°å¸‚äººæ°‘åŒ»é™¢\"],\"companyAddress\":[\"é‚¢å°å¸‚æ²³è¥¿åŒº\"],\"userId\":[\"106\"],\"deptId\":[\"106\"],\"userName\":[\"å´”é‘«\"],\"email\":[\"cx@163.com\"],\"phonenumber\":[\"15222222222\"],\"status\":[\"0\"],\"roleIds\":[\"\"],\"postIds\":[\"2\"]}',0,NULL,'2018-05-03 18:00:22'),(264,'ç³»ç»Ÿç®¡ç†','ç”¨æˆ·ç®¡ç†-ä¿®æ”¹ç”¨æˆ·','com.ruoyi.project.system.user.controller.UserController.edit()','web','4140220427','ç”µå­ä¿¡æ¯å·¥ç¨‹','/system/user/edit/105','0:0:0:0:0:0:0:1','{}',0,NULL,'2018-05-03 18:00:24'),(265,'ç³»ç»Ÿç®¡ç†','éƒ¨é—¨ç®¡ç†-ä¿å­˜éƒ¨é—¨','com.ruoyi.project.system.user.controller.UserController.save()','web','4140220427','ç”µå­ä¿¡æ¯å·¥ç¨‹','/system/user/save','0:0:0:0:0:0:0:1','{\"company\":[\"123123\"],\"companyAddress\":[\"é«˜ç§‘è¥¿è·¯\"],\"userId\":[\"105\"],\"deptId\":[\"106\"],\"userName\":[\"å¼ ä¹¦è‹‡\"],\"email\":[\"31322@11\"],\"phonenumber\":[\"1213\"],\"status\":[\"0\"],\"roleIds\":[\"1\"],\"postIds\":[\"2\"]}',0,NULL,'2018-05-03 18:00:27'),(266,'ç³»ç»Ÿç®¡ç†','ç”¨æˆ·ç®¡ç†-ä¿®æ”¹ç”¨æˆ·','com.ruoyi.project.system.user.controller.UserController.edit()','web','4140220427','ç”µå­ä¿¡æ¯å·¥ç¨‹','/system/user/edit/105','0:0:0:0:0:0:0:1','{}',0,NULL,'2018-05-03 18:03:32'),(267,'ç³»ç»Ÿç®¡ç†','ç”¨æˆ·ç®¡ç†-æ–°å¢ç”¨æˆ·','com.ruoyi.project.system.user.controller.UserController.add()','web','4140220427','ç”µå­ä¿¡æ¯å·¥ç¨‹','/system/user/add','0:0:0:0:0:0:0:1','{}',0,NULL,'2018-05-03 18:03:35'),(268,'ç³»ç»Ÿç®¡ç†','éƒ¨é—¨ç®¡ç†-ä¿å­˜éƒ¨é—¨','com.ruoyi.project.system.user.controller.UserController.save()','web','4140220427','ç”µå­ä¿¡æ¯å·¥ç¨‹','/system/user/save','0:0:0:0:0:0:0:1','{\"company\":[\"èä¿¡ä¿¡æ¯ç§‘æŠ€æœ‰é™å…¬å¸\"],\"companyAddress\":[\"ä¸Šæµ·å¸‚æµ¦ä¸œæ–°åŒºé«˜ç§‘è¥¿è·¯1810å·13æ¥¼\"],\"number\":[\"2019\"],\"studentId\":[\"4140220426\"],\"deptId\":[\"108\"],\"loginName\":[\"4140220426\"],\"userName\":[\"å¼ ä¹¦æ–°\"],\"password\":[\"admin123\"],\"email\":[\"zhangsxnaive@163.com\"],\"phonenumber\":[\"1561130',0,NULL,'2018-05-03 18:05:01'),(269,'ç³»ç»Ÿç®¡ç†','è§’è‰²ç®¡ç†-æ–°å¢è§’è‰²','com.ruoyi.project.system.role.controller.RoleController.add()','web','4140220427','ç”µå­ä¿¡æ¯å·¥ç¨‹','/system/role/add','0:0:0:0:0:0:0:1','{}',0,NULL,'2018-05-03 18:19:55'),(270,'ç³»ç»Ÿç®¡ç†','è§’è‰²ç®¡ç†-ä¿å­˜è§’è‰²','com.ruoyi.project.system.role.controller.RoleController.save()','web','4140220427','ç”µå­ä¿¡æ¯å·¥ç¨‹','/system/role/save','0:0:0:0:0:0:0:1','{\"roleName\":[\"è¶…çº§ç®¡ç†å‘˜\"],\"roleKey\":[\"root\"],\"roleSort\":[\"2\"],\"status\":[\"0\"],\"remark\":[\"è¶…ç®¡\"],\"menuIds\":[\"1,4,18,19,20,21,22,23,24,5,25,26,27,28,29,30,6,31,32,33,34,35,7,36,37,38,39,40,8,41,42,43,44,45,46,9,47,48,49,50,51,52,10,2,11,53,54,55,12,56,57,13,58,59,',0,NULL,'2018-05-03 18:20:31'),(271,'ç³»ç»Ÿç®¡ç†','è§’è‰²ç®¡ç†-ä¿®æ”¹è§’è‰²','com.ruoyi.project.system.role.controller.RoleController.edit()','web','4140220427','ç”µå­ä¿¡æ¯å·¥ç¨‹','/system/role/edit/1','0:0:0:0:0:0:0:1','{}',0,NULL,'2018-05-03 18:20:35'),(272,'ç³»ç»Ÿç®¡ç†','è§’è‰²ç®¡ç†-ä¿å­˜è§’è‰²','com.ruoyi.project.system.role.controller.RoleController.save()','web','4140220427','ç”µå­ä¿¡æ¯å·¥ç¨‹','/system/role/save','0:0:0:0:0:0:0:1','{\"roleId\":[\"1\"],\"roleName\":[\"ç®¡ç†å‘˜\"],\"roleKey\":[\"admin\"],\"roleSort\":[\"1\"],\"status\":[\"0\"],\"remark\":[\"\"],\"menuIds\":[\"1,4,18,19,20,21,22,23,24,5,25,26,27,28,29,30,6,31,32,33,34,35,7,36,37,38,39,40,8,41,42,43,44,45,46,9,47,48,49,50,51,52,10\"]}',0,NULL,'2018-05-03 18:20:39'),(273,'ç³»ç»Ÿç®¡ç†','è§’è‰²ç®¡ç†-ä¿®æ”¹è§’è‰²','com.ruoyi.project.system.role.controller.RoleController.edit()','web','4140220427','ç”µå­ä¿¡æ¯å·¥ç¨‹','/system/role/edit/1','0:0:0:0:0:0:0:1','{}',0,NULL,'2018-05-03 18:20:51'),(274,'ç³»ç»Ÿç®¡ç†','è§’è‰²ç®¡ç†-ä¿®æ”¹è§’è‰²','com.ruoyi.project.system.role.controller.RoleController.edit()','web','4140220427','ç”µå­ä¿¡æ¯å·¥ç¨‹','/system/role/edit/3','0:0:0:0:0:0:0:1','{}',0,NULL,'2018-05-03 18:20:57'),(275,'ç³»ç»Ÿç®¡ç†','è§’è‰²ç®¡ç†-ä¿å­˜è§’è‰²','com.ruoyi.project.system.role.controller.RoleController.save()','web','4140220427','ç”µå­ä¿¡æ¯å·¥ç¨‹','/system/role/save','0:0:0:0:0:0:0:1','{\"roleId\":[\"3\"],\"roleName\":[\"è¶…çº§ç®¡ç†å‘˜\"],\"roleKey\":[\"root\"],\"roleSort\":[\"1\"],\"status\":[\"0\"],\"remark\":[\"\"],\"menuIds\":[\"1,4,18,19,20,21,22,23,24,5,25,26,27,28,29,30,6,31,32,33,34,35,7,36,37,38,39,40,8,41,42,43,44,45,46,9,47,48,49,50,51,52,10,2,11,53,54,55,12,56',0,NULL,'2018-05-03 18:21:01'),(276,'ç³»ç»Ÿç®¡ç†','è§’è‰²ç®¡ç†-ä¿®æ”¹è§’è‰²','com.ruoyi.project.system.role.controller.RoleController.edit()','web','4140220427','ç”µå­ä¿¡æ¯å·¥ç¨‹','/system/role/edit/1','0:0:0:0:0:0:0:1','{}',0,NULL,'2018-05-03 18:21:05'),(277,'ç³»ç»Ÿç®¡ç†','è§’è‰²ç®¡ç†-ä¿å­˜è§’è‰²','com.ruoyi.project.system.role.controller.RoleController.save()','web','4140220427','ç”µå­ä¿¡æ¯å·¥ç¨‹','/system/role/save','0:0:0:0:0:0:0:1','{\"roleId\":[\"1\"],\"roleName\":[\"ç®¡ç†å‘˜\"],\"roleKey\":[\"admin\"],\"roleSort\":[\"2\"],\"status\":[\"0\"],\"remark\":[\"\"],\"menuIds\":[\"1,4,18,19,20,21,22,23,24,5,25,26,27,28,29,30,6,31,32,33,34,35,7,36,37,38,39,40,8,41,42,43,44,45,46,9,47,48,49,50,51,52,10\"]}',0,NULL,'2018-05-03 18:21:08'),(278,'ç³»ç»Ÿç®¡ç†','è§’è‰²ç®¡ç†-ä¿®æ”¹è§’è‰²','com.ruoyi.project.system.role.controller.RoleController.edit()','web','4140220427','ç”µå­ä¿¡æ¯å·¥ç¨‹','/system/role/edit/3','0:0:0:0:0:0:0:1','{}',0,NULL,'2018-05-03 18:21:14'),(279,'ç³»ç»Ÿç®¡ç†','è§’è‰²ç®¡ç†-ä¿®æ”¹è§’è‰²','com.ruoyi.project.system.role.controller.RoleController.edit()','web','4140220427','ç”µå­ä¿¡æ¯å·¥ç¨‹','/system/role/edit/1','0:0:0:0:0:0:0:1','{}',0,NULL,'2018-05-03 18:21:23'),(280,'ç³»ç»Ÿç®¡ç†','å­—å…¸ç®¡ç†-æŸ¥è¯¢å­—å…¸æ•°æ®','com.ruoyi.project.system.dict.controller.DictTypeController.detail()','web','4140220427','ç”µå­ä¿¡æ¯å·¥ç¨‹','/system/dict/detail/1','0:0:0:0:0:0:0:1','{}',0,NULL,'2018-05-03 18:21:44'),(281,'ç³»ç»Ÿç®¡ç†','å²—ä½ç®¡ç†-ä¿®æ”¹å²—ä½','com.ruoyi.project.system.post.controller.PostController.edit()','web','4140220427','ç”µå­ä¿¡æ¯å·¥ç¨‹','/system/post/edit/1','0:0:0:0:0:0:0:1','{}',0,NULL,'2018-05-03 18:24:45'),(282,'ç³»ç»Ÿç®¡ç†','å²—ä½ç®¡ç†-æ–°å¢å²—ä½','com.ruoyi.project.system.post.controller.PostController.add()','web','4140220427','ç”µå­ä¿¡æ¯å·¥ç¨‹','/system/post/add','0:0:0:0:0:0:0:1','{}',0,NULL,'2018-05-03 18:26:50'),(283,'ç³»ç»Ÿç®¡ç†','å²—ä½ç®¡ç†-æ–°å¢å²—ä½','com.ruoyi.project.system.post.controller.PostController.add()','web','4140220427','ç”µå­ä¿¡æ¯å·¥ç¨‹','/system/post/add','0:0:0:0:0:0:0:1','{}',0,NULL,'2018-05-03 18:27:00'),(284,'ç³»ç»Ÿç®¡ç†','ç”¨æˆ·ç®¡ç†-ä¿®æ”¹ç”¨æˆ·','com.ruoyi.project.system.user.controller.UserController.edit()','web','admin','ç”µå­ä¿¡æ¯å·¥ç¨‹','/system/user/edit/107','0:0:0:0:0:0:0:1','{}',0,NULL,'2018-05-03 18:27:39');

/*Table structure for table `sys_post` */

DROP TABLE IF EXISTS `sys_post`;

CREATE TABLE `sys_post` (
  `post_id` int(11) NOT NULL AUTO_INCREMENT COMMENT 'å²—ä½ID',
  `post_code` varchar(64) NOT NULL COMMENT 'å²—ä½ç¼–ç ',
  `post_name` varchar(100) NOT NULL COMMENT 'å²—ä½åç§°',
  `post_sort` int(4) NOT NULL COMMENT 'æ˜¾ç¤ºé¡ºåº',
  `status` int(1) NOT NULL COMMENT 'çŠ¶æ€ï¼ˆ0æ­£å¸¸ 1åœç”¨ï¼‰',
  `create_by` varchar(64) DEFAULT '' COMMENT 'åˆ›å»ºè€…',
  `create_time` timestamp NOT NULL DEFAULT CURRENT_TIMESTAMP ON UPDATE CURRENT_TIMESTAMP COMMENT 'åˆ›å»ºæ—¶é—´',
  `update_by` varchar(64) DEFAULT '' COMMENT 'æ›´æ–°è€…',
  `update_time` timestamp NOT NULL DEFAULT '0000-00-00 00:00:00' COMMENT 'æ›´æ–°æ—¶é—´',
  `remark` varchar(500) DEFAULT '' COMMENT 'å¤‡æ³¨',
  PRIMARY KEY (`post_id`)
) ENGINE=InnoDB AUTO_INCREMENT=5 DEFAULT CHARSET=utf8 COMMENT='å²—ä½ä¿¡æ¯è¡¨';

/*Data for the table `sys_post` */

insert  into `sys_post`(`post_id`,`post_code`,`post_name`,`post_sort`,`status`,`create_by`,`create_time`,`update_by`,`update_time`,`remark`) values (1,'Already employed','å·²å°±ä¸š',1,0,'admin','2018-05-02 17:15:19','admin','2018-05-02 17:15:19',''),(2,'Non employment','æœªå°±ä¸š',2,0,'admin','2018-05-02 17:16:24','admin','2018-05-02 17:16:24',''),(3,'Entrepreneurship','åˆ›ä¸š',3,0,'admin','2018-05-02 17:17:45','admin','2018-05-02 17:17:45',''),(4,'Others','å…¶ä»–',4,0,'admin','2018-05-02 17:18:00','admin','2018-05-02 17:18:00','');

/*Table structure for table `sys_role` */

DROP TABLE IF EXISTS `sys_role`;

CREATE TABLE `sys_role` (
  `role_id` int(10) NOT NULL AUTO_INCREMENT COMMENT 'è§’è‰²ID',
  `role_name` varchar(30) NOT NULL COMMENT 'è§’è‰²åç§°',
  `role_key` varchar(100) NOT NULL COMMENT 'è§’è‰²æƒé™å­—ç¬¦ä¸²',
  `role_sort` int(10) NOT NULL COMMENT 'æ˜¾ç¤ºé¡ºåº',
  `status` int(1) DEFAULT '0' COMMENT 'è§’è‰²çŠ¶æ€:0æ­£å¸¸,1ç¦ç”¨',
  `create_by` varchar(64) DEFAULT '' COMMENT 'åˆ›å»ºè€…',
  `create_time` timestamp NOT NULL DEFAULT CURRENT_TIMESTAMP ON UPDATE CURRENT_TIMESTAMP COMMENT 'åˆ›å»ºæ—¶é—´',
  `update_by` varchar(64) DEFAULT '' COMMENT 'æ›´æ–°è€…',
  `update_time` timestamp NOT NULL DEFAULT '0000-00-00 00:00:00' COMMENT 'æ›´æ–°æ—¶é—´',
  `remark` varchar(500) DEFAULT '' COMMENT 'å¤‡æ³¨',
  PRIMARY KEY (`role_id`)
) ENGINE=InnoDB AUTO_INCREMENT=4 DEFAULT CHARSET=utf8 COMMENT='è§’è‰²ä¿¡æ¯è¡¨';

/*Data for the table `sys_role` */

insert  into `sys_role`(`role_id`,`role_name`,`role_key`,`role_sort`,`status`,`create_by`,`create_time`,`update_by`,`update_time`,`remark`) values (1,'ç®¡ç†å‘˜','admin',2,0,'admin','2018-05-03 18:21:08','4140220427','2018-05-03 18:21:08','ç®¡ç†å‘˜'),(3,'è¶…çº§ç®¡ç†å‘˜','root',1,0,'4140220427','2018-05-03 18:21:01','4140220427','2018-05-03 18:21:01','è¶…ç®¡');

/*Table structure for table `sys_role_menu` */

DROP TABLE IF EXISTS `sys_role_menu`;

CREATE TABLE `sys_role_menu` (
  `role_id` int(11) NOT NULL COMMENT 'è§’è‰²ID',
  `menu_id` int(11) NOT NULL COMMENT 'èœå•ID',
  PRIMARY KEY (`role_id`,`menu_id`)
) ENGINE=InnoDB DEFAULT CHARSET=utf8 COMMENT='è§’è‰²å’Œèœå•å…³è”è¡¨';

/*Data for the table `sys_role_menu` */

insert  into `sys_role_menu`(`role_id`,`menu_id`) values (1,1),(1,4),(1,5),(1,6),(1,7),(1,8),(1,9),(1,10),(1,18),(1,19),(1,20),(1,21),(1,22),(1,23),(1,24),(1,25),(1,26),(1,27),(1,28),(1,29),(1,30),(1,31),(1,32),(1,33),(1,34),(1,35),(1,36),(1,37),(1,38),(1,39),(1,40),(1,41),(1,42),(1,43),(1,44),(1,45),(1,46),(1,47),(1,48),(1,49),(1,50),(1,51),(1,52),(3,1),(3,2),(3,3),(3,4),(3,5),(3,6),(3,7),(3,8),(3,9),(3,10),(3,11),(3,12),(3,13),(3,14),(3,15),(3,16),(3,17),(3,18),(3,19),(3,20),(3,21),(3,22),(3,23),(3,24),(3,25),(3,26),(3,27),(3,28),(3,29),(3,30),(3,31),(3,32),(3,33),(3,34),(3,35),(3,36),(3,37),(3,38),(3,39),(3,40),(3,41),(3,42),(3,43),(3,44),(3,45),(3,46),(3,47),(3,48),(3,49),(3,50),(3,51),(3,52),(3,53),(3,54),(3,55),(3,56),(3,57),(3,58),(3,59),(3,60),(3,61),(3,62),(3,63),(3,64),(3,65),(3,66),(3,67),(3,68),(3,69);

/*Table structure for table `sys_user` */

DROP TABLE IF EXISTS `sys_user`;

CREATE TABLE `sys_user` (
  `user_id` int(11) NOT NULL AUTO_INCREMENT COMMENT 'ç”¨æˆ·ID',
  `dept_id` int(20) DEFAULT NULL COMMENT 'éƒ¨é—¨ID',
  `login_name` varchar(30) DEFAULT '' COMMENT 'ç™»å½•è´¦å·',
  `user_name` varchar(30) DEFAULT '' COMMENT 'ç”¨æˆ·æ˜µç§°',
  `student_id` varchar(10) DEFAULT NULL COMMENT 'å­¦å·',
  `employee` varchar(10) DEFAULT NULL COMMENT 'å°±ä¸šçŠ¶æ€',
  `number` int(4) DEFAULT NULL COMMENT 'å±Šæ•°',
  `company` varchar(100) DEFAULT NULL COMMENT 'å…¬å¸åç§°',
  `company_address` varchar(100) DEFAULT NULL COMMENT 'å…¬å¸åœ°å€',
  `email` varchar(100) DEFAULT '' COMMENT 'ç”¨æˆ·é‚®ç®±',
  `phonenumber` varchar(20) DEFAULT '' COMMENT 'æ‰‹æœºå·ç ',
  `password` varchar(100) DEFAULT '' COMMENT 'å¯†ç ',
  `salt` varchar(100) DEFAULT '' COMMENT 'ç›åŠ å¯†',
  `user_type` char(1) DEFAULT 'N' COMMENT 'ç±»å‹:Yé»˜è®¤ç”¨æˆ·,Néé»˜è®¤ç”¨æˆ·',
  `status` int(1) DEFAULT '0' COMMENT 'å¸å·çŠ¶æ€:0æ­£å¸¸,1ç¦ç”¨',
  `refuse_des` varchar(500) DEFAULT '' COMMENT 'æ‹’ç»ç™»å½•æè¿°',
  `create_by` varchar(64) DEFAULT '' COMMENT 'åˆ›å»ºè€…',
  `create_time` timestamp NOT NULL DEFAULT CURRENT_TIMESTAMP ON UPDATE CURRENT_TIMESTAMP COMMENT 'åˆ›å»ºæ—¶é—´',
  `update_by` varchar(64) DEFAULT '' COMMENT 'æ›´æ–°è€…',
  `update_time` timestamp NOT NULL DEFAULT '0000-00-00 00:00:00' COMMENT 'æ›´æ–°æ—¶é—´',
  PRIMARY KEY (`user_id`)
) ENGINE=InnoDB AUTO_INCREMENT=108 DEFAULT CHARSET=utf8 COMMENT='ç”¨æˆ·ä¿¡æ¯è¡¨';

/*Data for the table `sys_user` */

insert  into `sys_user`(`user_id`,`dept_id`,`login_name`,`user_name`,`student_id`,`employee`,`number`,`company`,`company_address`,`email`,`phonenumber`,`password`,`salt`,`user_type`,`status`,`refuse_des`,`create_by`,`create_time`,`update_by`,`update_time`) values (1,106,'admin','è‹¥ä¾',NULL,NULL,NULL,NULL,NULL,'yzz_ivy@163.com','15088888888','29c67a30398638269fe600f73a054934','111111','Y',0,'ç»´æŠ¤ä¸­','admin','2018-03-01 00:00:00','ry','2018-03-01 00:00:00'),(105,106,'4140220427','å¼ ä¹¦è‹‡','4140220427','æœªå°±ä¸š',2018,'123123','é«˜ç§‘è¥¿è·¯','31322@11','1213','c16899d62c5fba11a4fc33580e16e120','a2cf36','N',0,'','admin','2018-05-03 18:00:26','4140220427','2018-05-03 18:00:26'),(106,106,'4140220428','å´”é‘«','4140220428','æœªå°±ä¸š',2018,'é‚¢å°å¸‚äººæ°‘åŒ»é™¢','é‚¢å°å¸‚æ²³è¥¿åŒº','cx@163.com','15222222222','abe44d25cd8cf15b01bd881d86365b20','927e2b','N',0,'','admin','2018-05-03 18:00:22','4140220427','2018-05-03 18:00:22'),(107,108,'4140220426','å¼ ä¹¦æ–°','4140220426','å·²å°±ä¸š',2019,'èä¿¡ä¿¡æ¯ç§‘æŠ€æœ‰é™å…¬å¸','ä¸Šæµ·å¸‚æµ¦ä¸œæ–°åŒºé«˜ç§‘è¥¿è·¯1810å·13æ¥¼','zhangsxnaive@163.com','15611300356','3b58a3a8e3c9bf43a10c3c75b1d6d997','2b4eb7','N',0,'','4140220427','2018-05-03 18:05:01','','0000-00-00 00:00:00');

/*Table structure for table `sys_user_online` */

DROP TABLE IF EXISTS `sys_user_online`;

CREATE TABLE `sys_user_online` (
  `sessionId` varchar(50) NOT NULL DEFAULT '' COMMENT 'ç”¨æˆ·ä¼šè¯id',
  `login_name` varchar(50) DEFAULT '' COMMENT 'ç™»å½•è´¦å·',
  `dept_name` varchar(50) DEFAULT '' COMMENT 'éƒ¨é—¨åç§°',
  `ipaddr` varchar(50) DEFAULT '' COMMENT 'ç™»å½•IPåœ°å€',
  `browser` varchar(50) DEFAULT '' COMMENT 'æµè§ˆå™¨ç±»å‹',
  `os` varchar(50) DEFAULT '' COMMENT 'æ“ä½œç³»ç»Ÿ',
  `status` varchar(10) DEFAULT '' COMMENT 'åœ¨çº¿çŠ¶æ€on_lineåœ¨çº¿off_lineç¦»çº¿',
  `start_timestsamp` timestamp NOT NULL DEFAULT CURRENT_TIMESTAMP ON UPDATE CURRENT_TIMESTAMP COMMENT 'sessionåˆ›å»ºæ—¶é—´',
  `last_access_time` timestamp NOT NULL DEFAULT '0000-00-00 00:00:00' COMMENT 'sessionæœ€åè®¿é—®æ—¶é—´',
  `expire_time` int(5) DEFAULT '0' COMMENT 'è¶…æ—¶æ—¶é—´ï¼Œå•ä½ä¸ºåˆ†é’Ÿ',
  PRIMARY KEY (`sessionId`)
) ENGINE=InnoDB DEFAULT CHARSET=utf8 COMMENT='åœ¨çº¿ç”¨æˆ·è®°å½•';

/*Data for the table `sys_user_online` */

insert  into `sys_user_online`(`sessionId`,`login_name`,`dept_name`,`ipaddr`,`browser`,`os`,`status`,`start_timestsamp`,`last_access_time`,`expire_time`) values ('4c7482a6-ddd0-472d-87fe-8e279e4862ac','admin','ç”µå­ä¿¡æ¯å·¥ç¨‹','0:0:0:0:0:0:0:1','Microsoft Edge','Windows 10','on_line','2018-05-03 18:27:22','2018-05-03 18:27:22',1800000);

/*Table structure for table `sys_user_post` */

DROP TABLE IF EXISTS `sys_user_post`;

CREATE TABLE `sys_user_post` (
  `user_id` varchar(64) NOT NULL COMMENT 'ç”¨æˆ·ID',
  `post_id` varchar(64) NOT NULL COMMENT 'å²—ä½ID',
  PRIMARY KEY (`user_id`,`post_id`)
) ENGINE=InnoDB DEFAULT CHARSET=utf8 COMMENT='ç”¨æˆ·ä¸å²—ä½å…³è”è¡¨';

/*Data for the table `sys_user_post` */

insert  into `sys_user_post`(`user_id`,`post_id`) values ('1','1'),('100','1'),('101','1'),('102','4'),('103','1'),('104','2'),('105','2'),('106','2'),('107','1'),('2','2');

/*Table structure for table `sys_user_role` */

DROP TABLE IF EXISTS `sys_user_role`;

CREATE TABLE `sys_user_role` (
  `user_id` int(11) NOT NULL COMMENT 'ç”¨æˆ·ID',
  `role_id` int(11) NOT NULL COMMENT 'è§’è‰²ID',
  PRIMARY KEY (`user_id`,`role_id`)
) ENGINE=InnoDB DEFAULT CHARSET=utf8 COMMENT='ç”¨æˆ·å’Œè§’è‰²å…³è”è¡¨';

/*Data for the table `sys_user_role` */

insert  into `sys_user_role`(`user_id`,`role_id`) values (1,1),(100,1),(105,1),(107,1);

/*!40101 SET SQL_MODE=@OLD_SQL_MODE */;
/*!40014 SET FOREIGN_KEY_CHECKS=@OLD_FOREIGN_KEY_CHECKS */;
/*!40014 SET UNIQUE_CHECKS=@OLD_UNIQUE_CHECKS */;
/*!40111 SET SQL_NOTES=@OLD_SQL_NOTES */;
